Luxury_Score,GrLivArea,GarageCars,TotalBsmtSF,TotalBaths,Idade_Casa,Idade_Reforma,MasVnrArea,Fireplaces,LotFrontage,SalePrice
3.5384615384615383,7.444833273892193,2,856,3.5,5,5,5.2832037287379885,0,4.189654742026425,12.24769911637256
3.1538461538461537,7.141245122350491,2,1262,2.5,31,31,0.0,1,4.394449154672439,12.109016442313738
3.769230769230769,7.488293515159428,2,920,3.5,7,6,5.093750200806762,1,4.23410650459726,12.317171167298682
3.4615384615384617,7.4489161025442,3,756,2.0,91,36,0.0,1,4.110873864173311,11.849404844423074
3.923076923076923,7.695757990554761,3,1145,3.5,8,8,5.860786223465865,1,4.442651256490317,12.429220196836383
2.769230769230769,7.217443431696533,2,796,2.5,16,14,0.0,0,4.454347296253507,11.870606902224587
4.153846153846154,7.43543801981455,2,1686,3.0,3,2,5.231108616854587,1,4.330733340286331,12.634606283893019
3.3076923076923075,7.645397699428633,2,1107,3.5,36,36,5.484796933490655,2,4.394449154672439,12.206077645517674
3.1538461538461537,7.4815557019095165,2,952,2.0,77,58,0.0,2,3.9512437185814275,11.774527900858468
2.8461538461538463,6.982862751468942,1,991,2.0,69,58,0.0,2,3.9318256327243257,11.678448377988165
2.6153846153846154,6.947937068614969,1,1040,2.0,43,43,0.0,0,4.2626798770413155,11.771443882099637
4.769230769230769,7.751475318021456,3,1175,4.0,1,0,5.659482215759621,2,4.454347296253507,12.75130259456002
2.6153846153846154,6.816735880594968,1,912,2.0,46,46,0.0,0,4.276666119016055,11.87757552297847
3.8461538461538463,7.3098814858247865,3,1494,2.0,1,0,5.726847747587197,1,4.5217885770490405,12.540761149388421
2.923076923076923,7.134093721192866,1,1253,2.5,48,48,5.3612921657094255,1,4.304065093204169,11.964007453736912
2.923076923076923,6.75110146893676,2,832,1.0,78,6,0.0,0,3.9512437185814275,11.790564777297387
3.0,6.912742820493176,2,1004,2.0,40,40,5.198497031265826,1,4.304065093204169,11.91170829631447
2.0,7.167809184316444,2,0,2.0,39,39,0.0,0,4.290459441148391,11.407576060361786
2.8461538461538463,7.016609683894219,2,1114,2.5,4,4,0.0,0,4.204692619390966,11.976665770490767
2.6153846153846154,7.200424892944957,1,1029,1.0,51,44,0.0,0,4.2626798770413155,11.842236406331555
4.153846153846154,7.773594467360194,3,1158,3.5,1,0,5.942799375126701,1,4.624972813284271,12.692506186542177
3.4615384615384617,7.011213987350367,1,637,1.0,77,57,0.0,1,4.060443010546419,11.845109950883979
4.0,7.493317248862145,2,1777,2.0,6,6,5.641907070938114,1,4.330733340286331,12.345838935721968
3.0,6.966967138613983,2,1040,2.0,31,31,0.0,1,3.8066624897703196,11.774527900858468
3.076923076923077,6.966967138613983,1,1060,2.0,42,9,0.0,1,4.276666119016055,11.944714374881176
4.0,7.3783837129967145,3,1566,2.0,2,2,6.46302945692067,1,4.709530201312334,12.454107814022272
2.8461538461538463,6.803505257608338,2,900,1.5,59,10,0.0,0,4.110873864173311,11.811554895830454
4.153846153846154,7.4413203897176174,3,1704,3.0,3,2,5.303304908059076,1,4.59511985013459,12.631343648903034
2.923076923076923,7.3783837129967145,1,1484,2.0,49,9,0.0,2,3.8712010109078907,12.242891437918386
2.230769230769231,6.255750041753367,1,520,1.0,81,58,0.0,0,4.110873864173311,11.134603622683905
2.4615384615384617,7.183870715062453,1,649,1.0,88,58,0.0,0,3.9318256327243257,10.596659732783579
2.8461538461538463,7.113956109566034,1,1228,1.5,42,2,0.0,0,4.276666119016055,11.914054519303125
3.8461538461538463,7.118826249062078,2,1234,2.0,1,1,0.0,0,4.454347296253507,12.100161978566867
3.1538461538461537,7.438971592395862,2,1398,2.0,51,51,0.0,1,4.2626798770413155,12.016732516077072
4.769230769230769,7.3537223303996315,2,1561,3.0,2,2,5.5093883366279774,1,4.110873864173311,12.533579815765737
4.153846153846154,7.8050670442584895,3,1117,3.5,2,1,4.890349128221754,1,4.6913478822291435,12.6410997921206
2.769230769230769,7.001245622069476,2,1097,1.5,15,14,0.0,0,4.727387818712341,11.884495917930655
2.8461538461538463,7.168579897264035,2,1297,1.5,55,19,6.478509642208569,1,4.31748811353631,11.938199736300925
2.8461538461538463,6.964135612418245,1,1057,2.0,57,3,0.0,0,4.23410650459726,11.599112335481124
1.7692307692307692,7.050122520269059,0,0,2.0,53,53,0.0,0,4.189654742026425,11.314486721293981
3.0,7.1891677384203225,2,1088,2.0,41,41,4.624972813284271,1,4.442651256490317,11.982935344196433
2.923076923076923,7.192182058713246,1,1350,2.0,48,48,0.0,2,4.7535901911063645,12.04355959836804
3.0,6.785587645007929,2,840,2.0,24,24,0.0,0,4.212127597878484,11.87757552297847
2.769230769230769,6.844815479208263,1,938,2.0,33,28,0.0,0,4.2626798770413155,11.777218637129327
2.6153846153846154,7.048386408721883,1,1150,2.0,47,47,0.0,0,4.2626798770413155,11.856522261533737
4.769230769230769,7.469083884921234,2,1752,3.0,5,5,6.023447592961033,1,4.127134385045092,12.675766851909591
4.076923076923077,7.673223121121708,2,1434,2.5,6,6,0.0,1,3.8918202981106265,12.387089184491993
3.6923076923076925,7.4127640174265625,3,1656,2.0,1,1,0.0,0,4.442651256490317,12.428019481065613
2.4615384615384617,7.2813856635702825,0,736,2.0,89,1,0.0,0,3.5263605246161616,11.635151947212842
2.6153846153846154,6.862757913051401,1,955,2.0,41,41,0.0,0,4.204692619390966,11.751950239425476
2.923076923076923,7.293697720601438,2,794,2.5,10,10,0.0,0,4.189654742026425,12.083910661257521
3.076923076923077,7.0707241072602764,2,816,1.0,72,56,0.0,1,3.970291913552122,11.648338835562747
2.5384615384615383,6.705639094860003,2,816,2.0,47,47,0.0,0,4.709530201312334,11.608244735642321
4.3076923076923075,7.519149957669823,3,1842,2.5,25,19,0.0,1,4.23410650459726,12.861001210669146
2.8461538461538463,7.215975002651466,2,384,1.0,52,52,0.0,1,4.110873864173311,11.775297421715827
3.076923076923077,7.262628600974241,2,1425,2.0,44,44,5.60947179518496,1,4.61512051684126,12.103491596905931
3.6923076923076925,7.461640392208575,2,970,3.5,10,9,6.124683390894205,0,3.2188758248682006,12.058158312538197
3.5384615384615383,7.450660796211539,2,860,2.5,2,2,0.0,0,4.499809670330265,12.188422799337028
4.6923076923076925,7.988203597022576,3,1410,3.5,0,0,6.939253946041508,1,4.204692619390966,12.991755706536901
2.6153846153846154,6.660575149839686,1,780,1.0,36,36,0.0,0,4.110873864173311,11.735276702486741
3.1538461538461537,7.055312843339752,2,1158,2.5,2,2,0.0,0,4.1588830833596715,11.970356641102999
2.3846153846153846,7.013915474810528,1,530,1.0,87,11,0.0,0,4.110873864173311,11.522885696764481
4.0,7.223295679562314,2,1370,2.0,1,1,5.187385805840755,1,3.8066624897703196,12.218500103788143
2.923076923076923,7.444833273892193,2,576,2.0,89,60,0.0,0,3.9318256327243257,11.849404844423074
3.3076923076923075,7.618251097876695,2,1057,3.5,12,11,6.352629396319567,0,4.2626798770413155,12.299112067295642
4.153846153846154,7.813591552952433,3,1143,2.5,3,2,5.84354441703136,1,4.343805421853684,12.666660207428574
3.3846153846153846,7.699842407396986,2,1947,3.0,40,21,5.662960480135946,1,4.304065093204169,12.100717685412471
3.5384615384615383,7.299797366758161,2,1453,3.0,4,4,5.123963979403259,0,4.290459441148391,12.328294703023396
2.4615384615384617,6.617402977974478,1,747,1.0,65,60,0.0,0,3.8712010109078907,11.289794413577894
3.3846153846153846,7.7354333524996886,2,1304,2.0,53,53,0.0,1,4.406719247264253,12.323860125621126
3.3846153846153846,7.707062655370473,2,2223,3.0,34,34,7.017506142941256,2,4.564348191467836,12.404927602627597
2.4615384615384617,6.740519359606223,2,845,2.0,25,1,0.0,0,4.248495242049359,11.771443882099637
3.3076923076923075,7.449498005382849,2,832,2.5,11,11,3.713572066704308,1,4.31748811353631,12.128116509451258
2.6153846153846154,6.99117688712121,2,1086,2.0,56,7,4.653960350157523,0,4.454347296253507,11.88380602959621
2.3846153846153846,7.381501894506707,1,840,2.0,95,60,0.0,0,4.110873864173311,11.58432477200052
2.6153846153846154,6.8966943316227125,1,462,2.0,36,36,0.0,0,3.091042453358316,11.418625774449598
2.4615384615384617,6.859614903654202,1,952,1.0,52,52,0.0,0,4.304065093204169,11.818577604251555
2.6153846153846154,7.1592919047975645,1,672,2.0,60,7,0.0,0,3.9318256327243257,11.751950239425476
2.4615384615384617,7.478169694159785,0,1768,2.0,42,42,0.0,0,4.290459441148391,11.824087219587643
2.6153846153846154,7.115582126184454,2,440,1.5,99,28,0.0,0,4.110873864173311,11.608244735642321
3.4615384615384617,7.669961995473577,1,896,2.5,41,41,6.3578422665081,1,4.61512051684126,12.173037959397275
3.076923076923077,7.198931240688173,2,1237,3.0,8,8,6.095824562432225,0,3.4965075614664802,11.941462360646149
3.769230769230769,7.355001921105257,3,1563,2.0,1,1,6.150602768446279,1,4.3694478524670215,12.409017571151187
2.6153846153846154,6.97166860472579,2,1065,1.5,47,47,4.204692619390966,0,4.394449154672439,11.748005492256807
3.3076923076923075,7.29641326877392,2,384,2.5,14,13,3.1354942159291497,1,4.189654742026425,12.034696963475044
3.923076923076923,7.790696031174738,2,1288,2.5,15,14,5.652489180268651,1,4.804021044733257,12.468440756144114
3.6923076923076925,7.353081920515432,2,684,2.5,4,4,0.0,1,4.812184355372417,12.066816325306588
3.3846153846153846,7.110696122978827,2,612,2.5,0,0,4.343805421853684,0,3.713572066704308,12.010671928196443
1.8461538461538463,7.3310603052186325,0,1013,1.0,94,27,0.0,0,4.663439094112067,11.350418300109132
2.6153846153846154,6.898714534329988,0,990,2.0,13,12,0.0,0,4.110873864173311,11.724813914587886
2.0,6.947937068614969,2,0,1.0,56,56,0.0,0,4.110873864173311,11.60733523953139
2.6153846153846154,7.119635638017636,2,1235,1.0,45,45,5.318119993844216,0,4.454347296253507,11.498836682527127
2.769230769230769,6.872128101338986,2,876,2.0,88,3,0.0,0,4.394449154672439,12.004574385508691
3.076923076923077,7.73718007783463,2,1214,2.5,97,9,0.0,1,4.110873864173311,11.804855999911272
3.1538461538461537,7.488293515159428,2,824,3.5,10,10,0.0,0,4.248495242049359,12.229549885708273
3.6153846153846154,7.293697720601438,2,680,2.5,16,16,4.23410650459726,1,4.189654742026425,12.128116509451258
3.5384615384615383,7.370860166536716,2,1588,2.0,7,7,5.214935757608986,0,4.3694478524670215,12.273735966890268
2.4615384615384617,6.8679744089702925,1,960,2.0,42,42,3.8918202981106265,0,4.304065093204169,11.459007676978688
2.6153846153846154,6.728628613084702,1,458,1.0,90,60,0.0,0,4.454347296253507,11.326607934898927
2.4615384615384617,7.111512116496157,0,950,2.5,51,51,0.0,0,4.356708826689592,11.767187766223199
3.230769230769231,7.384610383176974,2,1610,3.0,33,9,3.367295829986474,2,4.394449154672439,12.230770136157428
3.6153846153846154,7.457609289715606,2,741,2.5,25,25,5.820082930352362,1,4.356708826689592,12.08954444723597
2.1538461538461537,7.336936913707618,2,0,2.0,30,30,0.0,0,4.174387269895637,11.68658461118553
3.3076923076923075,7.112327444710911,3,1226,2.0,1,1,0.0,0,4.553876891600541,12.200562492481511
3.1538461538461537,7.506042178518122,1,1040,1.5,76,57,6.398594934535208,2,4.110873864173311,12.040614105490253
4.153846153846154,7.597396320212795,2,1053,2.5,5,4,6.645090969505644,1,4.330733340286331,12.429220196836383
2.3076923076923075,6.954638864880987,1,641,1.0,122,12,0.0,0,4.110873864173311,11.51293546492023
2.6153846153846154,6.672032945461067,1,789,1.0,60,58,0.0,0,3.9318256327243257,11.652696102959753
2.3846153846153846,7.325148957955575,0,793,2.0,88,2,0.0,0,4.454347296253507,11.652696102959753
3.1538461538461537,7.520234556474628,2,1844,2.0,33,33,6.175867270105761,1,4.663439094112067,12.154784614286667
2.769230769230769,7.526178913346146,1,994,2.0,52,34,0.0,0,4.330733340286331,11.827013315851762
3.3076923076923075,7.266128779556451,2,384,2.5,10,10,0.0,1,4.189654742026425,12.100717685412471
4.230769230769231,7.89989532313973,3,1264,3.5,0,0,5.3981627015177525,1,4.356708826689592,12.85832230788469
3.4615384615384617,7.723120092266331,2,1809,3.0,54,54,5.220355825078325,2,4.31748811353631,12.28765724080691
3.230769230769231,7.749753406274437,1,1028,3.5,62,5,0.0,1,4.127134385045092,12.466515835145202
3.076923076923077,7.285506548522786,2,729,2.5,8,8,7.029972911706386,1,3.5553480614894135,12.07824495582233
2.6923076923076925,6.996681488176539,1,1092,1.5,47,47,4.762173934797756,1,4.276666119016055,11.842236406331555
2.769230769230769,7.026426808699636,2,1125,1.5,1,0,0.0,0,4.31748811353631,11.951186847493476
3.5384615384615383,8.078067881815437,3,1673,4.0,20,20,0.0,2,4.51085950651685,12.676079399771027
3.6923076923076925,7.284134806195205,2,728,2.5,1,0,0.0,1,4.189654742026425,12.0075668272517
3.0,6.8966943316227125,2,938,2.0,37,37,0.0,2,4.394449154672439,12.100717685412471
2.4615384615384617,7.024649030453636,1,732,1.0,68,57,0.0,0,3.9318256327243257,11.51293546492023
2.769230769230769,6.985641817639208,1,1080,1.0,50,50,4.912654885736052,0,4.330733340286331,11.820417517632333
3.3846153846153846,7.090076835776092,2,1199,2.0,15,15,0.0,0,4.02535169073515,11.944064817531656
3.1538461538461537,7.369600720526409,2,1362,2.0,30,11,0.0,1,3.8918202981106265,12.10625783509458
2.769230769230769,6.626717749249025,0,520,2.0,71,24,0.0,0,4.110873864173311,11.344518647594766
3.1538461538461537,6.8658910748834385,2,1078,2.0,31,31,0.0,1,3.2188758248682006,11.759793355371237
2.8461538461538463,6.734591659972948,0,672,1.0,77,57,0.0,1,4.02535169073515,11.373674891823535
2.923076923076923,7.207118856207756,2,660,1.5,40,40,5.58724865840025,1,4.248495242049359,11.951186847493476
3.076923076923077,6.960347729101308,2,1008,2.0,48,15,4.454347296253507,0,4.248495242049359,11.918397239722838
3.4615384615384617,7.67693714581808,2,924,2.5,40,40,5.736572297479192,2,4.48863636973214,12.328294703023396
3.6153846153846154,7.628031126930335,2,992,3.5,9,9,3.713572066704308,1,4.189654742026425,12.404927602627597
2.8461538461538463,7.191429330036379,2,1063,2.0,48,5,0.0,0,4.330733340286331,11.923384748066601
3.8461538461538463,7.167809184316444,2,1267,3.0,8,7,4.919980925828125,0,4.454347296253507,12.301387370778713
2.8461538461538463,7.451241684987676,2,1461,2.5,38,13,0.0,1,4.3694478524670215,12.100717685412471
3.230769230769231,7.428333194190806,2,1304,2.0,38,38,5.666426688112432,1,4.394449154672439,12.066816325306588
2.769230769230769,7.102499355774649,1,1214,2.0,40,40,5.2832037287379885,1,4.304065093204169,11.870606902224587
2.923076923076923,7.580699752224563,3,1907,3.0,18,17,4.2626798770413155,0,4.418840607796598,12.049424683420915
3.923076923076923,7.52456122628536,3,1004,2.5,9,8,5.771441123130016,2,4.304065093204169,12.345838935721968
3.1538461538461537,7.475905969367397,2,928,3.5,12,12,0.0,0,4.189654742026425,12.352339472153524
2.5384615384615383,6.762729506931879,0,864,1.0,39,39,0.0,1,4.2626798770413155,11.652696102959753
3.5384615384615383,7.45876269238096,2,1734,3.0,1,1,0.0,0,4.3694478524670215,12.468440756144114
2.6153846153846154,7.234177179749849,2,910,2.0,58,58,0.0,0,4.276666119016055,12.019749091416921
3.5384615384615383,7.31455283232408,2,1490,3.0,10,10,5.214935757608986,0,4.3694478524670215,12.225880174775122
2.6153846153846154,7.455298485683291,2,1728,3.0,43,43,5.820082930352362,0,4.2626798770413155,11.736077016252437
3.3846153846153846,7.444248649496705,2,970,2.0,2,0,3.9318256327243257,0,3.2188758248682006,11.775297421715827
2.6153846153846154,6.775366090936392,1,715,2.0,78,16,0.0,0,3.9512437185814275,11.561725152903833
3.8461538461538463,7.618742377670413,2,884,2.5,9,9,5.198497031265826,1,4.189654742026425,12.312686874960354
3.3076923076923075,6.985641817639208,0,1080,2.0,4,3,4.795790545596741,0,4.1588830833596715,11.856522261533737
2.769230769230769,7.20414929203594,1,896,1.0,70,56,0.0,0,3.970291913552122,11.652696102959753
2.6153846153846154,6.877296071497429,2,969,1.5,32,32,0.0,0,4.795790545596741,11.711784520403112
4.153846153846154,7.444833273892193,3,1710,3.0,1,0,6.07993319509559,1,4.68213122712422,12.827731880206521
3.076923076923077,7.597897950521784,2,825,2.5,35,35,5.53338948872752,1,4.394449154672439,12.154784614286667
3.230769230769231,7.133295954896068,2,1602,2.0,48,33,0.0,1,4.394449154672439,12.367345048436391
2.769230769230769,7.0909098220799835,1,1200,1.0,83,56,0.0,0,4.442651256490317,11.736077016252437
2.769230769230769,7.00033446027523,0,572,1.0,84,58,0.0,0,4.110873864173311,11.277215789596893
2.1538461538461537,6.947937068614969,2,0,1.0,56,56,0.0,0,4.110873864173311,11.603688960617083
4.384615384615385,7.585281078639126,3,774,2.5,1,0,4.442651256490317,1,4.532599493153256,12.504327379899443
3.8461538461538463,7.5745584842024805,2,991,2.5,6,5,0.0,1,4.61512051684126,12.448630513463613
3.8461538461538463,7.809135398120538,2,1392,3.5,1,0,6.124683390894205,1,4.90527477843843,12.676079399771027
2.923076923076923,7.117205503164344,2,1232,2.0,24,24,0.0,0,4.23410650459726,11.998439434579149
4.538461538461538,7.889459149404524,3,1572,3.5,5,4,6.499787040655854,2,4.709530201312334,12.929993908996359
3.8461538461538463,7.340835554123275,2,1541,2.0,5,5,5.424950017481403,1,4.564348191467836,12.301387370778713
2.4615384615384617,6.78332520060396,0,882,1.0,51,51,0.0,0,4.02535169073515,11.544433821905134
3.0,7.388327859577107,1,1149,2.0,81,3,0.0,0,3.713572066704308,11.931642378754141
2.6153846153846154,7.212294468500341,0,644,3.0,68,9,0.0,0,4.143134726391533,11.755879486687116
3.1538461538461537,7.532623618788788,1,1617,2.0,54,16,0.0,3,4.394449154672439,12.154784614286667
4.384615384615385,7.6787889981991535,3,1582,2.5,0,0,5.707110264748875,1,4.465908118654584,12.693501691489768
3.8461538461538463,7.450660796211539,2,840,2.5,3,3,0.0,1,4.143134726391533,12.119975396053194
3.6923076923076925,7.443078374348515,2,1686,2.5,25,25,6.483107351457199,1,4.454347296253507,12.337105293891872
2.6153846153846154,7.232010331664759,2,720,1.5,66,57,0.0,0,4.110873864173311,11.763691965388299
3.076923076923077,7.4127640174265625,2,1080,2.0,50,50,4.727387818712341,2,4.955827057601261,12.278397958261774
3.769230769230769,7.477604243197589,2,1064,3.0,19,19,0.0,1,3.8066624897703196,12.384223015005313
3.0,7.217443431696533,2,1362,2.5,47,47,6.198478716492308,1,4.394449154672439,12.001511614739405
3.1538461538461537,7.409741954080923,2,1606,3.0,22,22,4.890349128221754,1,3.8712010109078907,12.122696471358964
3.3076923076923075,7.677400430514807,2,1202,3.0,57,6,0.0,1,4.442651256490317,12.400820837540556
3.3846153846153846,7.630946580890459,2,1151,3.0,19,18,5.594711379601839,1,4.584967478670572,12.259618151783465
3.3846153846153846,7.560601162768557,2,1052,3.0,48,48,0.0,1,4.276666119016055,12.058158312538197
4.769230769230769,7.711996507047669,3,2216,3.0,1,0,6.618738983517219,1,4.1588830833596715,13.126032637428713
2.8461538461538463,6.876264611890766,2,968,1.0,84,1,0.0,0,4.110873864173311,11.51293546492023
3.6153846153846154,7.330405211844402,2,756,2.5,7,7,6.124683390894205,1,4.310799125385514,12.083910661257521
3.076923076923077,7.497207223203318,1,793,1.5,86,56,0.0,1,4.007333185232471,12.206577518060588
2.4615384615384617,7.201170883281678,1,0,1.0,50,1,4.59511985013459,1,4.110873864173311,11.695255355062795
3.3076923076923075,7.641564441260972,2,1362,2.5,5,5,0.0,0,4.1588830833596715,12.206077645517674
2.4615384615384617,7.133295954896068,2,504,1.0,98,15,0.0,0,4.532599493153256,11.751950239425476
4.3076923076923075,8.19118600464279,3,1107,2.5,114,13,0.0,2,4.51085950651685,13.07107218827772
3.3076923076923075,7.1049654482698426,2,1188,3.0,19,18,0.0,0,4.304065093204169,12.06105265381003
2.4615384615384617,7.4127640174265625,1,660,2.5,93,22,0.0,0,4.110873864173311,11.813037464800539
3.0,7.110696122978827,2,1086,3.0,30,30,5.62040086571715,2,4.174387269895637,11.940399914116648
4.384615384615385,7.374001859350161,2,1593,2.5,7,6,0.0,1,3.7376696182833684,12.563750586299374
3.923076923076923,7.911324018963352,2,853,2.5,75,13,0.0,2,4.2626798770413155,12.660331092405906
3.1538461538461537,7.299797366758161,2,725,2.5,35,3,4.9344739331306915,0,4.304065093204169,12.122696471358964
3.5384615384615383,7.266827347520591,2,1431,3.0,10,10,0.0,0,4.23410650459726,12.165255859329688
3.5384615384615383,7.444248649496705,2,970,2.0,2,2,3.9318256327243257,0,3.2188758248682006,11.775297421715827
2.6153846153846154,6.762729506931879,1,864,1.0,36,36,0.0,0,4.110873864173311,11.751950239425476
3.1538461538461537,7.284134806195205,2,855,2.5,33,33,0.0,1,3.2188758248682006,11.908346971208951
4.461538461538462,7.454141078146678,3,1726,3.0,0,0,5.327876168789581,1,4.382026634673881,12.650351332641707
3.923076923076923,8.043342170441608,2,1360,3.5,88,16,0.0,1,5.1647859739235145,12.367345048436391
2.769230769230769,7.709756864454165,0,755,1.0,97,59,0.0,0,4.532599493153256,11.552155793461898
4.384615384615385,7.446585099157725,3,1713,3.0,5,4,5.572154032177765,1,4.343805421853684,12.524166311833152
2.6153846153846154,7.022868086082641,2,1121,2.0,7,6,0.0,0,4.394449154672439,11.849404844423074
2.923076923076923,7.154615356913663,2,1196,2.5,31,31,0.0,2,4.330733340286331,12.052344376474922
2.6153846153846154,7.1785454837637,1,617,2.0,82,56,0.0,0,3.9318256327243257,11.626263078808801
3.6923076923076925,6.744059186311348,2,848,2.0,4,4,5.327876168789581,1,4.2626798770413155,11.91170829631447
2.6153846153846154,7.158513997329321,1,720,1.5,62,59,0.0,0,3.9318256327243257,11.608244735642321
3.076923076923077,7.274479558773871,2,1424,2.0,19,19,0.0,0,4.605170185988092,12.103491596905931
2.8461538461538463,7.436617265234227,1,1140,1.5,45,45,0.0,1,3.713572066704308,11.87688084212164
2.5384615384615383,7.00397413672268,1,1100,2.0,48,48,0.0,1,4.304065093204169,11.856522261533737
3.6153846153846154,7.631916513071252,2,1157,3.5,19,18,4.859812404361672,1,4.212127597878484,12.531776395271262
2.923076923076923,6.996681488176539,2,1092,2.0,44,44,5.564520407322694,0,4.330733340286331,11.884495917930655
2.6153846153846154,6.762729506931879,0,864,2.0,83,58,0.0,0,4.219507705176107,11.49273296168228
3.1538461538461537,7.10085190894405,2,1212,2.0,1,1,0.0,0,4.430816798843313,12.133507329024972
3.5384615384615383,7.52456122628536,2,900,3.5,0,0,0.0,1,4.290459441148391,12.439875187430008
2.769230769230769,6.898714534329988,2,990,1.5,11,11,0.0,0,3.784189633918261,11.957617696467539
2.923076923076923,7.239214973779806,1,689,1.5,33,33,5.0369526024136295,0,4.2626798770413155,11.993813394724253
3.0,7.1204443723924875,1,1070,1.5,49,10,4.174387269895637,1,4.290459441148391,11.808955099378537
3.5384615384615383,7.270312886079025,2,1436,3.0,4,4,5.58724865840025,0,4.189654742026425,12.25486757159303
2.4615384615384617,7.192182058713246,1,686,1.0,81,56,0.0,0,4.060443010546419,11.580593459194764
3.6153846153846154,7.578145472419466,2,798,2.0,69,2,5.746203190540153,2,4.31748811353631,12.649157827477366
3.5384615384615383,7.130098510125578,2,1248,2.0,1,0,2.833213344056216,0,3.784189633918261,12.027191164883384
3.5384615384615383,7.312553498102598,2,1498,2.0,0,0,0.0,0,4.304065093204169,12.230282214644559
3.6153846153846154,7.7266536648476425,2,1010,2.5,7,7,0.0,1,4.189654742026425,12.206077645517674
3.1538461538461537,7.347943823148687,2,713,3.5,31,31,0.0,1,4.454347296253507,12.100161978566867
2.4615384615384617,6.762729506931879,2,864,1.0,38,38,0.0,0,4.2626798770413155,11.48247656671073
5.0,7.780303087908373,3,2392,2.0,6,6,6.827629234502852,1,4.6443908991413725,12.864242696187505
2.6153846153846154,7.172424577124845,1,630,2.5,38,38,4.962844630259907,0,3.091042453358316,11.626263078808801
3.769230769230769,7.83241092718792,3,1203,2.5,12,12,5.673323267171493,1,4.418840607796598,12.577639650232573
2.769230769230769,6.895682697747868,1,483,1.5,38,38,4.852030263919617,0,3.091042453358316,11.571203807011969
2.769230769230769,6.816735880594968,1,912,1.0,43,43,0.0,1,4.2626798770413155,11.736077016252437
3.769230769230769,7.349873704738337,2,1373,2.0,4,3,2.833213344056216,1,3.784189633918261,12.167856627501678
2.769230769230769,7.085901464365611,1,1194,2.0,51,51,5.3981627015177525,0,4.304065093204169,11.904974309480181
4.153846153846154,7.9355873855892,3,1462,3.5,14,13,6.2285110035911835,1,5.1647859739235145,12.90669432231532
2.8461538461538463,6.895682697747868,1,483,1.5,34,34,5.697093486505405,1,3.091042453358316,11.456365695436427
2.6153846153846154,6.796823718274855,1,894,2.0,34,34,0.0,0,4.330733340286331,11.761354623750297
3.6153846153846154,7.581209826196346,2,860,3.5,8,8,0.0,2,4.189654742026425,12.285350445351659
2.769230769230769,6.895682697747868,1,483,1.5,37,37,6.405228458030842,0,3.091042453358316,11.402005077384885
3.5384615384615383,7.254884810077338,2,1414,2.0,6,6,4.59511985013459,0,4.189654742026425,12.130815551850676
3.5384615384615383,7.4645098346365275,2,996,2.5,17,7,0.0,0,4.212127597878484,12.178192583415596
4.076923076923077,7.43543801981455,3,1694,2.0,0,0,5.541263545158426,0,4.543294782270004,12.669809806411457
3.076923076923077,7.305188215393037,1,735,1.5,65,60,0.0,1,3.970291913552122,11.635151947212842
3.6923076923076925,7.356918242356021,2,1566,3.0,2,2,3.6109179126442243,0,4.330733340286331,12.47801017053037
2.8461538461538463,6.7650389767805414,0,686,1.0,62,10,0.0,0,3.713572066704308,11.612779849672751
2.6153846153846154,7.273092595999522,1,540,1.0,106,56,0.0,0,4.1588830833596715,11.277215789596893
3.1538461538461537,7.1049654482698426,1,626,1.5,29,29,0.0,1,4.330733340286331,11.695255355062795
3.6923076923076925,7.65491704784832,2,948,3.5,16,8,0.0,2,4.212127597878484,12.230770136157428
3.3076923076923075,7.5352967024440884,2,1845,2.5,18,18,4.634728988229636,1,4.394449154672439,12.394628892852941
2.3846153846153846,7.564757012905729,1,1020,2.0,96,56,0.0,0,4.248495242049359,11.827743504053695
3.0,7.226936018493289,2,1367,1.0,52,52,0.0,1,4.330733340286331,11.849404844423074
3.5384615384615383,7.419979923661835,2,840,2.5,4,4,4.624972813284271,0,4.290459441148391,12.100717685412471
3.6153846153846154,7.6708948313621175,2,1444,2.5,49,1,6.159095388491933,2,4.394449154672439,12.531776395271262
2.076923076923077,7.175489713624222,0,728,1.0,70,44,0.0,0,4.02535169073515,11.245059091624615
4.0,7.3938782901077555,2,1573,3.5,1,0,6.1779441140506,1,3.8066624897703196,12.367345048436391
3.3846153846153846,7.403061091090091,2,798,2.5,4,4,0.0,0,4.189654742026425,12.06105265381003
3.1538461538461537,7.172424577124845,1,1302,2.5,43,16,4.6913478822291435,0,4.454347296253507,11.970356641102999
2.6153846153846154,7.181591944611865,1,1314,2.0,53,53,0.0,0,4.2626798770413155,11.884495917930655
3.769230769230769,7.73718007783463,2,975,2.5,7,7,5.713732805509369,1,4.204692619390966,12.345838935721968
3.3846153846153846,7.455298485683291,2,864,2.5,5,5,0.0,0,4.174387269895637,12.242891437918386
3.8461538461538463,7.380879035564116,2,1604,3.5,3,3,5.198497031265826,1,4.23410650459726,12.301387370778713
3.769230769230769,7.491645473605133,2,963,2.5,7,7,5.153291594497779,1,4.394449154672439,12.352339472153524
2.1538461538461537,6.78332520060396,1,0,1.0,52,52,0.0,0,4.2626798770413155,11.48247656671073
3.0,7.232010331664759,2,1362,2.0,47,47,5.991464547107982,1,4.795790545596741,12.07824495582233
4.384615384615385,7.853604813097837,3,1482,2.5,0,0,5.602118820879701,1,4.248495242049359,12.52815976788113
3.1538461538461537,7.10085190894405,2,506,2.0,29,11,3.8501476017100584,1,4.48863636973214,11.92504173829169
2.6153846153846154,7.183111701743281,2,926,2.0,81,9,0.0,0,3.9318256327243257,11.775297421715827
2.4615384615384617,6.639875833826536,2,680,1.0,83,4,0.0,0,3.4339872044851463,11.19822841866684
3.3846153846153846,7.260522598089852,2,1422,2.0,27,27,5.351858133476067,1,4.3694478524670215,12.075400019877522
3.1538461538461537,7.321188556739479,2,802,3.5,9,9,0.0,1,4.2626798770413155,12.128116509451258
3.1538461538461537,7.693025748417888,1,720,2.5,69,11,0.0,1,4.110873864173311,12.097936057925594
2.923076923076923,6.658011045870748,1,740,1.0,68,53,0.0,1,4.276666119016055,11.699413330633599
2.923076923076923,7.01571242048723,1,1143,2.5,31,31,5.1647859739235145,1,4.182050142641207,11.904974309480181
4.0,7.570443252057374,3,1095,2.5,0,0,0.0,1,4.442651256490317,12.491255347155265
3.3076923076923075,7.218176838403408,2,1385,2.0,54,3,0.0,2,4.304065093204169,12.394628892852941
4.0,7.7279755421055585,3,1152,2.5,11,3,5.855071922202427,1,4.532599493153256,12.577639650232573
3.076923076923077,7.398174092970465,1,1240,3.0,51,21,5.214935757608986,1,4.394449154672439,11.842236406331555
2.6153846153846154,6.705639094860003,1,816,1.0,25,25,0.0,0,4.343805421853684,11.732069026983156
3.6153846153846154,7.3453648404168685,2,952,2.5,84,2,0.0,0,4.02535169073515,12.230770136157428
3.6923076923076925,7.353081920515432,2,1560,2.0,7,7,0.0,0,4.867534450455582,12.211065162153215
2.4615384615384617,6.762729506931879,2,864,1.0,59,59,0.0,0,4.948759890378168,11.856522261533737
4.846153846153846,7.660114319173928,3,2121,2.5,1,0,5.755742213586912,1,4.68213122712422,12.936754021718041
3.3076923076923075,7.612336837167746,2,1160,2.5,31,31,5.703782474656201,1,4.430816798843313,12.165255859329688
3.769230769230769,7.592366128519796,2,807,2.5,18,18,5.831882477283517,1,4.418840607796598,12.339295865674435
3.3846153846153846,7.141245122350491,2,1262,2.0,0,0,4.23410650459726,0,4.110873864173311,12.128116509451258
3.8461538461538463,7.181591944611865,2,1314,3.0,2,1,5.117993812416755,1,3.5553480614894135,12.242891437918386
4.0,7.292337176173877,3,1468,2.0,1,0,4.290459441148391,1,4.31748811353631,12.407383590534293
3.3846153846153846,7.362645270417825,2,1575,3.0,15,15,0.0,0,3.9318256327243257,12.09626335986454
3.5384615384615383,7.1316985104669115,2,625,2.5,1,0,0.0,0,3.58351893845611,12.011886987792716
3.3076923076923075,7.45876269238096,2,912,1.5,44,25,0.0,1,4.356708826689592,11.976665770490767
2.4615384615384617,6.755768921984256,0,858,1.0,35,35,0.0,0,4.304065093204169,11.385103457032141
2.6153846153846154,6.803505257608338,1,882,1.0,43,43,3.4657359027997265,0,4.276666119016055,11.711784520403112
2.769230769230769,7.242082359256962,1,698,1.0,92,4,0.0,0,4.110873864173311,11.941950837487406
4.0,7.560080465021827,2,1079,2.5,0,0,0.0,1,4.795790545596741,12.359784657728284
2.3846153846153846,7.448333860897476,0,780,3.0,96,8,0.0,0,4.02535169073515,11.819681958463892
2.923076923076923,7.448333860897476,1,768,1.5,60,1,0.0,1,4.110873864173311,11.782960235741939
3.3846153846153846,7.724888439323074,2,795,3.5,29,12,3.5553480614894135,1,4.394449154672439,12.367345048436391
3.076923076923077,7.405495663199472,2,1416,2.0,56,56,5.476463551931511,2,4.394449154672439,12.025755079404917
2.769230769230769,6.911747300251674,2,1003,2.0,22,22,0.0,0,3.6375861597263857,11.86710429621008
2.6153846153846154,7.351799869057777,1,910,1.5,57,57,0.0,0,4.330733340286331,11.931642378754141
3.769230769230769,7.576097340623111,2,975,2.5,10,9,7.3783837129967145,1,4.204692619390966,12.384223015005313
3.3076923076923075,7.463936604468925,2,702,2.5,39,39,5.902633333401366,1,4.51085950651685,12.07254696717504
3.3076923076923075,7.050122520269059,1,1092,1.5,59,5,0.0,1,4.394449154672439,11.973516181427835
2.923076923076923,7.198183577101943,1,1165,2.0,53,53,4.04305126783455,2,4.51085950651685,11.964007453736912
3.923076923076923,7.8050670442584895,2,1028,2.5,9,8,0.0,1,4.204692619390966,12.495007682693725
3.769230769230769,7.340835554123275,3,1541,2.0,5,4,5.017279836814924,1,4.77912349311153,12.230770136157428
2.6153846153846154,6.796823718274855,2,894,2.0,34,34,0.0,0,4.2626798770413155,11.917730355182513
3.5384615384615383,8.158802490694002,3,1470,3.0,128,6,0.0,1,4.477336814478207,12.59473402514672
3.6923076923076925,7.601402334583733,3,2000,3.0,3,2,5.5093883366279774,0,4.394449154672439,12.631016799175821
3.769230769230769,7.716015266642587,3,700,3.5,17,16,5.5093883366279774,1,4.762173934797756,12.323860125621126
2.5384615384615383,7.249215057114389,0,319,1.0,88,58,0.0,0,4.110873864173311,11.402005077384885
2.4615384615384617,6.759255270663693,2,861,1.0,69,59,0.0,0,4.182050142641207,11.320565693461432
4.615384615384615,7.573017256052546,3,1896,3.0,3,2,0.0,3,4.51085950651685,12.793862088206213
3.3846153846153846,7.31455283232408,2,697,2.5,13,12,4.727387818712341,1,4.189654742026425,12.017336559562407
3.076923076923077,6.880384082186005,1,972,2.0,61,7,0.0,1,3.9318256327243257,11.790564777297387
3.076923076923077,7.020190708311925,2,793,2.0,67,56,0.0,1,4.189654742026425,11.694421681264394
3.3846153846153846,7.619233416226805,2,2136,4.0,44,44,0.0,2,5.017279836814924,12.834683971615659
3.6923076923076925,7.403670290012373,2,728,2.0,81,16,0.0,1,4.110873864173311,12.08954444723597
3.8461538461538463,7.267525427828172,2,716,3.5,5,4,0.0,1,4.276666119016055,12.146858590895919
4.0,7.763871287820222,2,845,3.5,29,29,5.631211781821365,1,4.553876891600541,12.468440756144114
4.0,7.580699752224563,3,1088,2.5,1,1,0.0,1,4.330733340286331,12.506180941677357
3.769230769230769,7.881182202227102,3,1347,3.5,16,16,5.54907608489522,1,4.51085950651685,12.468440756144114
3.3076923076923075,7.29505641646263,2,1372,3.0,29,29,5.420534999272286,2,4.394449154672439,12.141539457711714
3.769230769230769,7.862112211662748,3,1249,3.5,0,0,5.916202062607435,0,4.718498871295094,12.74444728628135
4.153846153846154,7.81156848934518,3,1136,3.5,3,3,5.963579343618446,1,4.605170185988092,12.777055016970678
3.6153846153846154,7.912423121473705,2,1502,3.5,21,20,5.153291594497779,1,4.465908118654584,12.614868865984631
2.3076923076923075,7.059617628291383,1,1162,2.0,51,1,0.0,0,3.912023005428146,11.745433036677353
3.8461538461538463,7.999342952713282,2,710,2.5,43,3,5.707110264748875,1,4.574710978503383,12.396697137361691
2.6153846153846154,6.6895992691789665,2,720,1.0,66,57,0.0,0,3.9318256327243257,11.373674891823535
4.0,7.450079569807499,2,1719,3.5,15,15,0.0,2,3.4965075614664802,12.688501881189456
2.769230769230769,7.232733136177615,1,1383,1.5,46,46,5.170483995038151,0,4.394449154672439,11.886218559372042
3.0,7.666221925662725,2,844,2.0,93,15,0.0,0,3.970291913552122,12.276069679344003
2.6153846153846154,7.084226422097916,1,596,1.0,89,59,0.0,0,4.110873864173311,11.264476926102367
2.6153846153846154,7.455298485683291,1,1728,2.5,43,43,4.442651256490317,0,4.304065093204169,11.686887175419702
2.6153846153846154,6.963189985870238,1,1056,2.0,49,15,0.0,0,4.2626798770413155,11.842236406331555
4.0,7.396335293800808,3,3206,3.0,6,5,5.6937321388027,1,4.454347296253507,12.556733038263905
3.8461538461538463,7.214504414151143,2,1358,3.0,4,4,4.990432586778736,1,4.0943445622221,12.240478903153711
3.1538461538461537,7.40184157874383,2,943,3.5,10,10,0.0,2,4.0943445622221,12.165255859329688
2.923076923076923,7.488293515159428,2,1499,4.0,43,43,0.0,2,4.454347296253507,12.34126328584159
4.3076923076923075,7.56164174558878,3,1922,3.0,2,1,5.303304908059076,1,4.465908118654584,12.841132451487937
3.5384615384615383,7.337587743538596,2,1536,3.0,6,5,4.736198448394496,0,4.2626798770413155,12.273735966890268
3.5384615384615383,7.3914152346753585,2,1208,3.0,22,8,0.0,0,4.5217885770490405,12.218500103788143
2.769230769230769,7.103322062526113,1,1215,1.0,51,11,5.176149732573829,0,4.204692619390966,11.951186847493476
3.6923076923076925,7.554334823725748,2,967,2.5,8,8,0.0,0,4.454347296253507,12.220473454337986
2.230769230769231,6.7357800142423265,1,721,1.0,59,59,0.0,0,4.110873864173311,11.314486721293981
1.8461538461538463,6.947937068614969,2,0,2.0,57,56,5.831882477283517,0,4.304065093204169,11.37940550085183
4.846153846153846,7.429520842786462,2,1684,2.0,3,3,6.424869023905388,1,4.1588830833596715,12.491255347155265
2.769230769230769,7.014814351275545,1,536,1.5,34,34,0.0,0,3.6109179126442243,11.350418300109132
2.8461538461538463,7.363913501405819,1,972,1.0,67,56,0.0,1,4.189654742026425,11.850832386224807
2.769230769230769,6.8658910748834385,1,958,1.0,47,9,0.0,0,4.304065093204169,11.928347504569842
3.076923076923077,7.2991214627108,2,1478,3.0,49,49,3.4339872044851463,2,4.304065093204169,11.967187086434018
3.5384615384615383,7.394493107219038,2,764,3.5,5,4,4.672828834461906,0,3.6109179126442243,11.944714374881176
4.846153846153846,7.911690520708339,3,1848,3.5,1,0,6.769641976852503,2,4.04305126783455,12.988043102265232
4.769230769230769,7.533693709848633,2,1869,2.0,0,0,5.8944028342648505,1,4.23410650459726,12.670001611311875
3.5384615384615383,7.282073658093465,2,1453,2.5,20,20,0.0,1,4.394449154672439,12.154784614286667
2.6153846153846154,7.013915474810528,1,616,1.5,67,58,0.0,0,4.110873864173311,11.461642696843066
2.769230769230769,6.580639137284949,2,624,1.0,82,7,0.0,0,4.110873864173311,11.570259974415547
3.076923076923077,7.375255778009754,1,940,1.0,66,6,0.0,2,4.110873864173311,11.849404844423074
3.3846153846153846,7.0909098220799835,2,1200,3.0,12,12,0.0,0,4.663439094112067,12.086731521684555
3.1538461538461537,7.0630481633881725,2,1158,3.0,17,17,4.672828834461906,0,4.189654742026425,12.06105265381003
2.8461538461538463,7.04141166379481,2,1142,2.5,31,31,0.0,1,3.8066624897703196,11.80560254159177
2.8461538461538463,7.210079628170788,1,1062,1.5,48,48,4.795790545596741,0,4.532599493153256,11.775297421715827
3.923076923076923,7.562681246721884,2,1086,3.5,8,8,6.274762021241939,1,4.3694478524670215,12.54254845357358
3.1538461538461537,6.816735880594968,2,888,2.0,29,29,0.0,1,4.304065093204169,11.957617696467539
2.6153846153846154,7.317212408359839,1,883,2.0,68,26,0.0,0,3.970291913552122,11.884495917930655
3.3076923076923075,7.56164174558878,2,0,3.0,6,6,6.2166061010848646,1,4.174387269895637,12.198549416880068
3.0,6.895682697747868,1,483,1.5,37,2,6.236369590203704,0,3.091042453358316,11.678448377988165
3.1538461538461537,7.362010551259734,2,796,3.5,30,30,4.795790545596741,1,4.394449154672439,12.154784614286667
2.6153846153846154,7.20414929203594,1,672,1.0,89,12,0.0,0,4.0943445622221,11.898194668458823
3.230769230769231,7.240649694255466,2,1394,2.5,46,46,5.5134287461649825,2,4.304065093204169,11.976665770490767
3.230769230769231,7.266827347520591,1,1099,1.5,46,46,5.723585101952381,1,4.624972813284271,12.013706813470414
2.923076923076923,7.1459844677143876,1,1268,1.0,56,56,5.303304908059076,1,4.3694478524670215,11.790564777297387
3.1538461538461537,7.160845906664299,2,1063,2.0,51,4,0.0,1,4.304065093204169,11.995357787034976
3.1538461538461537,7.417580402414544,2,953,2.5,6,6,0.0,1,4.189654742026425,12.057578437658945
2.3076923076923075,7.370860166536716,2,0,2.0,49,49,0.0,1,4.394449154672439,11.808821212646512
2.923076923076923,6.6240652277998935,1,744,2.0,26,26,0.0,0,3.9318256327243257,11.736077016252437
2.6153846153846154,7.1853870155804165,1,608,2.0,56,56,0.0,0,4.382026634673881,11.719947764402807
3.8461538461538463,7.564757012905729,2,847,2.5,4,3,0.0,1,4.189654742026425,12.299112067295642
1.3846153846153846,6.807934943699926,0,683,1.5,87,59,0.0,0,4.182050142641207,11.0186455364637
3.0,6.818924065275521,2,870,1.0,10,10,0.0,0,4.060443010546419,11.904974309480181
4.0,7.810758116529357,2,1580,3.0,3,2,0.0,1,4.634728988229636,12.73670383776449
4.615384615384615,7.526717561352706,3,1856,2.5,0,0,5.860786223465865,1,4.48863636973214,12.885204569609956
3.1538461538461537,7.496097345175956,2,982,2.5,9,9,2.833213344056216,1,4.110873864173311,12.095146671399466
3.1538461538461537,7.433666540166168,1,1026,2.0,86,60,0.0,1,3.9318256327243257,11.751950239425476
3.8461538461538463,7.171656822768514,2,1293,3.0,0,0,0.0,1,4.110873864173311,12.142871895843887
3.5384615384615383,7.494430215031565,2,939,2.5,1,1,0.0,0,4.382026634673881,12.271396795480596
2.6153846153846154,6.665683717782408,2,784,1.0,81,59,0.0,0,4.110873864173311,11.23850177707664
3.5384615384615383,7.577633832602728,2,1580,3.5,15,15,0.0,2,4.394449154672439,12.388398368982115
3.923076923076923,7.146772179452637,2,1256,2.0,6,5,2.833213344056216,1,3.784189633918261,12.165255859329688
2.6153846153846154,7.077498053569231,0,658,1.0,96,10,0.0,0,4.07753744390572,11.302216779257382
2.923076923076923,7.026426808699636,1,1041,2.0,33,33,5.545177444479562,1,4.290459441148391,11.736077016252437
3.5384615384615383,7.299797366758161,2,1468,2.0,9,8,4.836281906951478,0,4.543294782270004,12.160033942617156
5.0,7.75491027202143,3,1682,3.5,1,0,5.60947179518496,1,4.574710978503383,12.962196972666593
2.6153846153846154,7.221105098182496,1,861,2.0,108,58,0.0,0,3.9318256327243257,11.686887175419702
3.5384615384615383,7.581719640125308,2,804,3.5,8,7,0.0,1,4.276666119016055,12.278397958261774
2.1538461538461537,6.78332520060396,1,0,1.0,48,48,0.0,0,4.304065093204169,11.575909653758895
2.6923076923076925,6.670766320845874,0,788,1.0,65,56,0.0,2,3.970291913552122,11.51293546492023
2.6153846153846154,6.942156705699469,1,735,1.0,67,57,0.0,0,4.110873864173311,11.599112335481124
2.6153846153846154,7.0431599159883405,1,1144,2.0,54,54,0.0,0,4.23410650459726,11.767575435251748
2.6153846153846154,6.796823718274855,2,894,1.0,37,37,0.0,0,4.110873864173311,11.719947764402807
2.8461538461538463,7.502738210754851,1,864,2.0,45,45,5.666426688112432,1,4.248495242049359,12.040614105490253
2.4615384615384617,6.982862751468942,1,961,1.0,87,57,0.0,0,4.110873864173311,11.112462823634855
3.5384615384615383,7.346655163176539,2,1092,3.0,3,2,4.61512051684126,0,4.189654742026425,12.392556361841777
4.230769230769231,7.161622002939187,2,1260,2.5,12,12,0.0,2,3.6635616461296463,12.411056299528171
3.8461538461538463,7.1785454837637,2,1310,2.0,1,1,0.0,1,4.189654742026425,12.013646205940514
2.6153846153846154,6.511745329644728,1,672,1.0,68,11,0.0,0,4.110873864173311,11.58989576532275
3.923076923076923,7.724888439323074,2,1141,2.5,8,8,6.478509642208569,1,4.543294782270004,12.460718739865236
3.1538461538461537,7.360739903058278,2,806,2.5,12,11,0.0,1,4.189654742026425,12.031725210748633
2.6923076923076925,7.390798521735676,2,1281,3.0,33,16,0.0,1,4.276666119016055,11.918397239722838
2.769230769230769,7.402451520818244,1,1064,1.0,72,58,0.0,0,3.9512437185814275,11.652696102959753
2.923076923076923,7.427144133408616,1,840,2.0,93,32,0.0,0,4.1588830833596715,12.083910661257521
4.0,7.6838639802564295,3,1063,2.5,1,1,5.860786223465865,1,4.700480365792417,12.54254845357358
4.384615384615385,7.639642287858013,3,1034,3.5,1,0,4.61512051684126,1,4.454347296253507,12.73596827534975
2.6153846153846154,7.152268856032539,1,1276,1.0,51,51,0.0,0,4.23410650459726,11.002116507732017
2.6153846153846154,6.963189985870238,2,1056,2.0,51,51,0.0,0,4.61512051684126,11.884495917930655
4.230769230769231,7.2991214627108,2,1470,3.5,1,1,6.07073772800249,1,4.310799125385514,12.310437165348775
2.923076923076923,6.9363427358340495,2,1008,1.0,83,60,0.0,1,4.04305126783455,11.652696102959753
3.769230769230769,7.6487397889562425,3,1080,3.0,15,15,0.0,1,4.0943445622221,12.337105293891872
3.5384615384615383,7.201170883281678,2,1340,2.0,0,0,0.0,0,4.304065093204169,12.106997888588934
3.0,7.244941546337007,2,672,1.5,28,28,5.318119993844216,1,4.31748811353631,11.915058360753719
3.230769230769231,7.872836175025724,3,1370,3.5,89,57,0.0,1,4.465908118654584,12.384223015005313
2.6153846153846154,7.034387929915503,1,756,2.5,67,57,0.0,0,4.110873864173311,11.744045122410057
2.769230769230769,6.963189985870238,1,1056,2.0,42,42,0.0,1,4.189654742026425,11.863589378812122
3.076923076923077,7.20414929203594,4,1344,4.0,11,10,5.303304908059076,0,4.3694478524670215,12.237091546357338
3.6153846153846154,7.3796321526095525,2,1602,2.5,32,9,4.844187086458591,1,4.394449154672439,12.278397958261774
2.6153846153846154,6.8966943316227125,2,988,1.0,54,54,0.0,0,4.61512051684126,11.635151947212842
3.923076923076923,7.875119281040293,3,1470,3.5,10,10,6.161207321695077,1,4.394449154672439,12.660331092405906
3.230769230769231,7.087573705557973,1,1196,2.0,52,52,4.31748811353631,1,4.290459441148391,11.842236406331555
3.230769230769231,7.237059026124737,1,651,1.5,63,17,0.0,2,4.110873864173311,11.813037464800539
3.769230769230769,7.405495663199472,2,1518,3.5,20,20,4.983606621708336,1,4.212127597878484,12.524530013005734
2.4615384615384617,6.811244378601294,1,907,1.0,51,51,0.0,0,4.356708826689592,11.599185726610004
3.5384615384615383,7.097548850614793,2,1208,3.0,0,0,4.6913478822291435,0,4.174387269895637,12.182809136284991
3.3846153846153846,7.253470382684528,2,1392,3.0,21,21,0.0,1,4.875197323201151,12.07254696717504
2.769230769230769,6.895682697747868,1,483,1.5,37,37,5.4510384535657,0,3.091042453358316,11.355113089309977
2.769230769230769,7.089243155027514,0,901,1.0,88,10,0.0,0,4.110873864173311,11.288543647320601
2.6153846153846154,7.2196420401307355,2,765,2.5,36,36,5.932245187448011,0,3.2188758248682006,11.715874472198905
3.1538461538461537,7.380879035564116,2,926,2.5,11,10,0.0,1,4.61512051684126,12.10625783509458
2.6153846153846154,6.447305862541213,0,630,2.0,36,36,0.0,0,3.091042453358316,11.302216779257382
3.769230769230769,7.415776975415394,2,799,3.5,13,13,0.0,1,3.784189633918261,12.264346270624157
2.6153846153846154,7.020190708311925,2,648,1.0,86,56,0.0,0,3.713572066704308,11.661354090741
3.0,6.807934943699926,1,884,1.0,83,5,0.0,0,3.9318256327243257,11.686887175419702
3.1538461538461537,6.543911845564792,1,440,1.0,94,5,0.0,1,3.713572066704308,11.411457364027745
3.0,7.087573705557973,2,684,1.0,89,9,0.0,0,4.219507705176107,11.608244735642321
4.923076923076923,7.784473235736469,3,3094,3.0,1,1,5.303304908059076,2,4.663439094112067,13.22672519452875
2.230769230769231,7.273092595999522,0,1440,2.0,53,53,5.602118820879701,0,4.532599493153256,11.678448377988165
2.923076923076923,7.3613754289773485,2,1078,2.0,78,16,0.0,1,3.970291913552122,12.000897933306716
4.0,7.138073034044347,3,1258,2.0,1,0,4.290459441148391,1,3.9889840465642745,12.058158312538197
3.769230769230769,7.554334823725748,2,915,3.5,14,13,0.0,1,4.2626798770413155,12.25486757159303
3.076923076923077,7.432483807917119,2,1436,1.0,53,53,0.0,1,4.304065093204169,11.755879486687116
3.5384615384615383,7.543802867501509,2,1517,2.5,44,8,0.0,1,4.927253685157205,12.154784614286667
3.769230769230769,7.54274354536855,2,930,2.5,8,7,0.0,1,4.189654742026425,12.20557752297723
3.076923076923077,7.227662498728655,1,780,2.0,69,56,0.0,1,3.9318256327243257,11.691080018519527
2.3076923076923075,7.076653815443951,1,649,1.5,59,5,0.0,0,3.9318256327243257,11.695255355062795
3.0,6.70196036600254,1,813,1.0,76,1,0.0,0,4.2626798770413155,11.608244735642321
3.5384615384615383,7.335633981927201,2,1533,3.0,31,31,0.0,2,4.143134726391533,12.54254845357358
3.3076923076923075,7.471363088187097,2,872,3.5,11,10,3.7612001156935624,0,4.454347296253507,12.225880174775122
3.6923076923076925,7.372118028337787,2,768,2.5,1,1,0.0,0,4.330733340286331,12.25486757159303
2.6153846153846154,7.455298485683291,2,1728,4.0,30,30,0.0,0,4.1588830833596715,12.144202560946876
3.1538461538461537,7.1252830915107115,2,1242,1.5,34,34,5.771441123130016,1,4.394449154672439,12.075400019877522
2.6153846153846154,7.20414929203594,3,624,1.0,92,58,0.0,0,3.5553480614894135,11.49273296168228
3.1538461538461537,7.416979621381154,2,1364,2.0,54,14,0.0,2,4.394449154672439,12.45293662970407
3.6153846153846154,7.418780882750794,1,588,1.0,83,12,0.0,1,4.110873864173311,11.989165855127435
3.076923076923077,7.093404625868766,1,709,2.0,59,59,5.087596335232384,1,3.970291913552122,11.608244735642321
3.4615384615384617,7.568379267836522,2,832,3.5,0,0,4.709530201312334,0,4.330733340286331,12.481565733211923
3.5384615384615383,7.035268599281097,2,560,2.0,73,2,0.0,0,4.110873864173311,11.951186847493476
2.6923076923076925,6.762729506931879,1,864,1.0,44,44,0.0,1,4.110873864173311,11.04106411122238
3.076923076923077,7.415175109613295,1,715,1.5,74,13,0.0,1,4.31748811353631,12.147919030759663
2.769230769230769,6.947937068614969,0,1040,2.0,31,31,4.919980925828125,0,4.110873864173311,11.728044909070785
3.769230769230769,7.254884810077338,2,1375,2.0,2,2,2.9444389791664403,1,3.784189633918261,12.093693109638318
3.0,7.15305163493748,2,1277,2.0,37,37,0.0,1,4.454347296253507,12.025755079404917
3.1538461538461537,7.405495663199472,1,728,1.5,65,12,5.41610040220442,2,4.382026634673881,11.89478753335453
4.0,7.399398083331354,3,1626,2.0,1,1,5.517452896464707,1,4.59511985013459,12.429220196836383
3.3846153846153846,7.444833273892193,2,832,2.5,15,15,4.795790545596741,0,4.343805421853684,12.138869243416009
3.6923076923076925,7.315218389752975,2,1488,2.5,25,25,0.0,0,4.135166556742356,12.264346270624157
3.3846153846153846,7.585788821732034,2,808,2.5,30,30,0.0,1,4.532599493153256,12.154784614286667
2.923076923076923,6.9782137426306985,2,547,2.0,3,3,4.394449154672439,0,3.58351893845611,11.904974309480181
4.230769230769231,7.589335823170617,3,1976,3.0,1,0,5.720311776607412,1,4.709530201312334,12.994532278619134
3.923076923076923,7.410347097821024,2,1494,3.0,7,7,0.0,0,3.7376696182833684,12.433212202169729
2.6153846153846154,6.878326468291325,2,970,2.0,44,44,0.0,0,4.394449154672439,11.794345471549745
3.3846153846153846,7.309212365692763,2,1478,3.0,11,10,5.375278407684165,1,4.330733340286331,12.249615734512616
4.615384615384615,7.880048200971577,3,2153,2.5,1,1,6.650279048587422,1,4.663439094112067,12.847929163278053
4.153846153846154,7.449498005382849,3,1705,3.0,2,1,5.820082930352362,1,4.382026634673881,12.601490784782536
2.3076923076923075,7.0317412587631285,2,907,1.0,70,7,6.077642243349034,0,3.9318256327243257,11.401681006153428
4.3076923076923075,7.523481312573497,3,1833,3.0,2,1,5.937536205082426,1,4.59511985013459,12.694655727828803
4.538461538461538,7.491645473605133,3,1792,3.0,3,2,6.333279628139691,1,4.290459441148391,12.832013750189885
3.923076923076923,7.510430556378006,1,910,2.5,94,4,0.0,1,3.9318256327243257,11.951186847493476
3.076923076923077,7.104144092987527,2,1216,3.0,8,8,4.762173934797756,0,3.4965075614664802,12.00762780434872
2.8461538461538463,6.907755278982137,1,999,2.0,45,6,0.0,0,4.276666119016055,11.794345471549745
3.3846153846153846,7.01571242048723,1,1113,1.0,59,2,0.0,1,4.394449154672439,11.898194668458823
2.6153846153846154,6.97914527506881,2,1073,2.5,42,42,5.1298987149230735,0,4.382026634673881,11.957617696467539
3.0,7.3031700512368,2,1484,2.0,36,36,0.0,1,4.2626798770413155,12.07254696717504
2.923076923076923,7.789454566086673,2,954,2.0,106,36,0.0,1,4.110873864173311,11.982935344196433
2.8461538461538463,6.447305862541213,1,630,2.0,39,7,0.0,0,3.091042453358316,11.362114203075018
3.076923076923077,7.173958319756794,1,264,1.5,32,32,0.0,1,3.091042453358316,11.652696102959753
2.769230769230769,7.364547014255642,1,806,2.0,65,56,0.0,2,4.382026634673881,11.798111925972618
3.1538461538461537,7.284134806195205,2,728,2.5,0,0,0.0,0,4.663439094112067,12.059809113551397
2.769230769230769,7.146772179452637,1,1269,1.5,48,48,0.0,1,4.2626798770413155,11.951186847493476
2.4615384615384617,6.787844982309579,1,190,1.0,71,13,0.0,0,3.9318256327243257,11.421917019425596
2.4615384615384617,6.580639137284949,0,720,1.0,89,59,0.0,0,4.110873864173311,10.460270761075149
4.0,8.079927770758275,2,3200,4.0,15,14,0.0,1,4.5217885770490405,12.971542813248437
2.923076923076923,7.507141079727608,1,1026,3.0,83,58,0.0,0,4.110873864173311,12.122696471358964
2.8461538461538463,6.802394763324311,1,864,1.0,42,5,4.499809670330265,0,4.189654742026425,11.775297421715827
2.6153846153846154,6.816735880594968,1,912,1.5,49,22,0.0,0,4.2626798770413155,11.695255355062795
2.769230769230769,7.105786129481271,1,672,1.5,34,34,5.655991810819852,0,3.091042453358316,11.635151947212842
3.5384615384615383,7.478169694159785,2,866,2.5,3,3,0.0,0,4.330733340286331,12.331387247601905
2.6153846153846154,7.102499355774649,2,1214,2.0,42,42,0.0,0,4.2626798770413155,11.849404844423074
3.1538461538461537,7.496652438168283,2,1501,3.0,51,13,0.0,2,4.61512051684126,12.574185427296195
2.923076923076923,7.187657164114956,2,855,3.0,35,35,0.0,1,3.2188758248682006,11.898194668458823
2.6153846153846154,7.581209826196346,2,960,2.0,57,57,5.8888779583328805,0,4.110873864173311,11.732069026983156
3.923076923076923,7.555905093611346,2,777,2.5,13,12,4.836281906951478,1,4.394449154672439,12.278397958261774
3.3846153846153846,7.105786129481271,2,1218,2.0,0,0,0.0,0,4.330733340286331,12.246739428005663
3.4615384615384617,7.229113877793302,2,689,2.0,80,3,0.0,1,4.110873864173311,11.989165855127435
2.6153846153846154,6.948897222313312,1,1041,2.0,50,50,4.890349128221754,0,4.394449154672439,11.732069026983156
3.076923076923077,7.218176838403408,1,1008,2.0,58,9,4.2626798770413155,2,4.330733340286331,12.013100572810686
3.8461538461538463,7.221835825288449,2,1368,2.0,1,0,4.553876891600541,1,3.713572066704308,12.2193145828011
2.6153846153846154,6.762729506931879,2,864,2.0,48,48,0.0,0,4.2626798770413155,11.774527900858468
2.769230769230769,6.985641817639208,2,1084,1.5,24,24,0.0,0,4.276666119016055,11.80560254159177
2.6153846153846154,6.672032945461067,1,768,1.0,81,57,0.0,0,4.02535169073515,11.477308649967686
4.923076923076923,7.611347717403621,3,2006,3.5,0,0,5.723585101952381,1,4.553876891600541,12.90634935052389
3.0,7.659171367666058,2,689,2.5,37,37,5.8111409929767,1,4.394449154672439,11.970356641102999
3.769230769230769,7.76004068088038,3,1264,2.5,13,12,6.826545223556594,1,4.382026634673881,12.487488878546145
2.923076923076923,7.493873886783559,2,794,3.5,9,9,0.0,0,4.2626798770413155,12.259618151783465
3.8461538461538463,7.640603826393634,1,1276,1.5,83,5,0.0,2,3.9889840465642745,12.36308066783498
2.0,7.166265974133638,0,0,2.0,108,8,0.0,0,4.110873864173311,11.573559498507079
3.076923076923077,7.126890808898808,1,1244,1.5,50,50,0.0,2,4.51085950651685,11.918397239722838
3.076923076923077,7.417580402414544,2,1004,2.0,59,56,0.0,2,3.9318256327243257,11.976665770490767
3.769230769230769,7.782807262839695,3,1379,3.5,11,10,6.38856140554563,1,4.564348191467836,12.662709207270272
3.769230769230769,7.144407180321139,2,1257,2.0,1,1,0.0,1,4.143134726391533,12.07824495582233
2.769230769230769,6.834108738813838,1,928,1.0,51,7,0.0,0,4.2626798770413155,11.790564777297387
4.769230769230769,7.906178840394815,3,1452,3.5,0,0,5.594711379601839,1,4.219507705176107,13.008661502470739
2.4615384615384617,6.406879986069314,0,528,2.0,87,5,0.0,0,4.07753744390572,11.362114203075018
3.230769230769231,7.830425617820331,2,2035,4.0,50,32,0.0,2,4.31748811353631,12.209192772866418
3.5384615384615383,7.31986492980897,2,1461,3.0,20,19,5.393627546352361,1,4.454347296253507,12.07254696717504
2.6153846153846154,7.217443431696533,2,611,2.0,88,9,0.0,0,4.110873864173311,11.759793355371237
2.230769230769231,6.71901315438526,1,0,1.0,55,3,0.0,1,4.110873864173311,11.58525542883217
1.0769230769230769,5.814130531825066,0,0,1.0,61,57,0.0,0,3.9318256327243257,10.579005242826247
4.153846153846154,7.254884810077338,2,707,2.5,2,2,0.0,1,4.31748811353631,12.08954444723597
2.769230769230769,7.206377291472252,0,1117,2.0,98,17,0.0,0,4.2626798770413155,11.58525542883217
3.3076923076923075,7.45298232946546,2,880,2.5,10,9,0.0,0,4.060443010546419,12.144202560946876
2.4615384615384617,6.762729506931879,2,864,1.0,36,36,0.0,0,4.304065093204169,11.619544188752133
2.769230769230769,7.05617528410041,1,1051,1.5,38,38,5.241747015059643,1,4.276666119016055,11.970356641102999
3.923076923076923,7.379008127628304,2,1581,3.0,9,8,6.173786103901937,1,4.2626798770413155,12.513561021741964
4.769230769230769,7.516977224604321,3,1838,3.0,3,3,6.371611847231857,1,4.454347296253507,12.660331092405906
3.923076923076923,7.734558844354756,3,969,2.5,7,7,4.290459441148391,1,4.5217885770490405,12.421188057397055
3.923076923076923,7.427144133408616,2,1650,3.0,11,10,0.0,1,4.3694478524670215,12.270225154674701
3.076923076923077,6.643789733147672,1,723,2.0,9,9,5.209486152841421,0,3.5553480614894135,11.798111925972618
3.8461538461538463,7.311218384419629,2,654,3.5,0,0,0.0,1,4.07753744390572,12.098854850641
3.5384615384615383,7.688913336864796,3,1204,2.5,18,18,5.187385805840755,0,4.394449154672439,12.34148164933907
3.230769230769231,7.400009517162692,2,1065,1.5,84,57,0.0,1,4.2626798770413155,12.25486757159303
2.769230769230769,6.645090969505644,2,768,2.0,37,37,0.0,0,4.007333185232471,11.771443882099637
2.6153846153846154,6.716594773520978,2,825,2.0,53,13,0.0,0,3.912023005428146,11.736077016252437
3.8461538461538463,7.647308832356238,2,912,2.5,6,5,0.0,1,4.330733340286331,12.479913113434042
2.923076923076923,6.975413927455952,2,1069,2.0,31,31,0.0,0,3.9889840465642745,11.849404844423074
2.6153846153846154,6.834108738813838,1,928,1.0,51,51,0.0,0,3.9318256327243257,11.630717389475995
4.153846153846154,7.4489161025442,3,1709,2.0,3,3,5.5254529391317835,1,4.477336814478207,12.450981602512561
2.230769230769231,7.027314514039777,2,0,2.0,60,6,0.0,0,4.219507705176107,11.58989576532275
3.8461538461538463,7.624130585661289,3,998,3.5,5,4,5.680172609017068,1,4.454347296253507,12.556733038263905
2.923076923076923,6.955592608396297,1,993,1.0,84,56,0.0,1,4.07753744390572,11.635151947212842
2.8461538461538463,6.996681488176539,1,1092,2.0,49,49,0.0,1,4.248495242049359,11.856522261533737
2.4615384615384617,7.198183577101943,1,637,1.5,86,56,0.0,0,4.110873864173311,11.58989576532275
3.3076923076923075,7.277247726631484,2,729,3.0,12,11,0.0,1,4.060443010546419,12.07254696717504
3.769230769230769,7.351158226430694,2,1374,2.0,3,2,2.9444389791664403,1,3.784189633918261,12.36308066783498
3.076923076923077,7.239214973779806,2,1392,2.5,53,14,5.198497031265826,1,4.276666119016055,11.707677772181546
3.0,7.237059026124737,2,1389,2.0,32,31,0.0,1,4.356708826689592,12.04355959836804
2.923076923076923,6.904750769961838,0,996,2.0,68,39,0.0,1,4.1588830833596715,11.58989576532275
3.230769230769231,7.423568444259167,2,1163,2.0,90,58,0.0,1,4.204692619390966,12.128116509451258
3.769230769230769,7.738923757439457,2,1095,3.5,14,6,0.0,1,4.5217885770490405,12.498745990829315
2.6923076923076925,7.4073177104694174,1,806,2.5,95,60,0.0,0,4.204692619390966,11.759793355371237
4.384615384615385,7.826044013518965,3,1122,2.5,3,1,5.5053315359323625,1,4.356708826689592,12.691583538230217
3.5384615384615383,7.336936913707618,2,1517,2.0,6,6,5.1298987149230735,0,4.2626798770413155,12.273735966890268
4.0,7.665284718471351,2,1496,2.5,26,0,0.0,1,4.382026634673881,12.665397584983758
3.0,6.8501261661455,2,943,2.0,27,27,0.0,2,4.304065093204169,11.820123358887447
2.6153846153846154,7.455298485683291,2,1728,2.0,43,43,4.6913478822291435,0,4.31748811353631,11.867805799560465
3.0,6.762729506931879,1,864,2.0,47,47,5.337538079701318,0,4.110873864173311,11.695255355062795
3.4615384615384617,7.4342573821331355,2,846,2.5,0,0,0.0,0,4.430816798843313,12.32163544049751
3.3076923076923075,7.266128779556451,2,384,2.5,7,7,0.0,1,4.343805421853684,12.04355959836804
2.6153846153846154,7.01211529430638,1,372,1.5,36,2,4.418840607796598,0,4.2626798770413155,11.842236406331555
2.6153846153846154,7.104144092987527,1,832,1.0,61,58,0.0,0,4.394449154672439,11.682676678340282
3.230769230769231,7.298445101508147,1,861,2.5,81,59,0.0,1,3.970291913552122,11.884495917930655
2.769230769230769,7.186144304522325,2,1164,2.0,40,40,4.584967478670572,2,4.574710978503383,12.010671928196443
3.5384615384615383,7.239214973779806,2,689,2.0,1,1,0.0,0,3.5553480614894135,11.891368749982085
2.6153846153846154,7.493317248862145,1,1050,2.0,54,54,5.817111159963204,0,4.406719247264253,11.78676973513378
3.3076923076923075,7.265429723253953,2,1144,1.5,47,20,4.454347296253507,2,4.304065093204169,12.111217862017215
4.615384615384615,7.622174594817622,3,2042,2.5,1,0,5.726847747587197,1,4.59511985013459,12.442306148381938
2.923076923076923,6.705639094860003,0,816,2.0,17,17,4.653960350157523,0,4.406719247264253,11.682676678340282
4.384615384615385,7.9287663216266955,2,1237,3.5,115,8,0.0,1,4.330733340286331,12.691583538230217
2.6923076923076925,7.3613754289773485,1,884,1.0,74,14,0.0,0,3.9512437185814275,11.798111925972618
4.153846153846154,7.615298339825815,3,1868,3.0,1,0,5.342334251964811,2,4.48863636973214,12.820990681250251
2.5384615384615383,6.732210706467206,1,816,2.0,90,8,0.0,0,4.02535169073515,11.775297421715827
2.6153846153846154,6.7580945044277305,2,840,2.0,27,27,0.0,0,4.31748811353631,11.827743504053695
3.3846153846153846,7.295735072749282,1,1437,3.0,41,6,0.0,2,4.189654742026425,11.870606902224587
2.6153846153846154,6.8416154764775925,1,742,1.0,78,48,0.0,0,3.9318256327243257,11.283524879179666
3.5384615384615383,7.367077059881012,2,770,2.5,4,4,0.0,0,4.174387269895637,12.132969552931216
4.923076923076923,7.739359202689098,3,1722,3.5,1,1,6.042632833682381,1,4.584967478670572,13.02132904585825
2.6153846153846154,6.705639094860003,2,816,2.0,26,5,0.0,0,4.110873864173311,11.835016210489899
3.3846153846153846,6.744059186311348,2,848,2.0,6,6,5.14166355650266,0,4.2626798770413155,11.849404844423074
2.769230769230769,6.829793737512425,1,924,1.0,33,33,0.0,0,4.48863636973214,11.608244735642321
3.923076923076923,7.510430556378006,3,1814,3.0,1,0,5.476463551931511,1,4.248495242049359,12.672949516558306
2.769230769230769,7.221835825288449,1,684,1.0,96,13,0.0,0,4.110873864173311,11.648373769145277
4.0,7.246368080102461,3,1258,2.0,1,0,4.290459441148391,1,3.9889840465642745,12.176654133447505
3.230769230769231,7.4073177104694174,2,1430,3.0,29,29,6.131226489483141,1,4.394449154672439,12.289958727201455
3.1538461538461537,7.350516171833998,2,716,3.5,28,28,0.0,1,3.2188758248682006,11.92504173829169
4.230769230769231,7.552237287560802,2,1058,3.5,1,1,5.638354669333745,1,4.31748811353631,12.524530013005734
3.3076923076923075,7.226936018493289,1,780,1.5,70,57,0.0,1,3.9318256327243257,11.856522261533737
3.923076923076923,7.557994958530806,2,908,3.5,14,14,0.0,1,4.394449154672439,12.301387370778713
3.5384615384615383,7.0909098220799835,2,600,2.5,6,5,0.0,0,3.4339872044851463,11.92504173829169
3.769230769230769,7.3098814858247865,2,1494,3.0,6,6,4.605170185988092,1,4.48863636973214,12.30592250537653
3.076923076923077,7.594381242551817,2,768,2.5,44,19,5.176149732573829,3,4.454347296253507,12.230770136157428
3.0,6.947937068614969,2,1040,2.0,13,13,0.0,0,4.418840607796598,11.931642378754141
3.076923076923077,7.605392364814934,1,896,4.0,58,4,0.0,0,4.3694478524670215,12.323860125621126
3.5384615384615383,8.069342366811636,2,965,2.5,73,9,0.0,2,4.3694478524670215,12.791358964949923
2.4615384615384617,6.937314081223682,1,1029,2.0,46,46,5.262690188904886,0,4.127134385045092,11.682676678340282
4.615384615384615,7.675081857716334,3,1440,3.5,9,9,5.3230099791384085,2,4.2626798770413155,12.653961664405365
3.1538461538461537,6.940222469119639,2,1032,2.5,29,29,5.455321115357702,1,4.394449154672439,11.904974309480181
4.153846153846154,7.5352967024440884,2,1299,3.5,8,8,4.6913478822291435,1,4.2626798770413155,12.474193386571581
2.769230769230769,7.02197642307216,0,1120,1.0,0,0,0.0,0,4.2626798770413155,11.898194668458823
2.6153846153846154,6.447305862541213,0,630,2.0,38,38,0.0,0,3.091042453358316,11.231901180182515
3.0,6.961296045910167,2,936,2.0,47,47,5.056245805348308,0,4.394449154672439,11.83138646878959
3.6923076923076925,7.31986492980897,2,783,3.5,4,3,0.0,1,4.189654742026425,12.118339189722553
3.0,6.725033642166843,2,832,1.0,54,54,0.0,0,4.0943445622221,11.566475710526321
4.538461538461538,7.511524648390866,3,1822,2.0,0,0,6.115892125483034,1,4.51085950651685,12.659737267217572
4.0,7.724446645633537,3,1482,3.5,5,5,5.424950017481403,2,4.454347296253507,12.628070334272698
2.3076923076923075,6.762729506931879,0,864,2.0,94,58,0.0,0,3.828641396489095,11.112462823634855
3.0,7.869019376499024,2,1522,2.5,34,11,0.0,1,4.51085950651685,12.388398368982115
2.6153846153846154,6.8885724595653635,2,980,1.0,32,32,5.0369526024136295,0,4.276666119016055,11.813037464800539
3.6153846153846154,7.321849713788356,2,756,2.5,7,7,6.2422232654551655,1,4.310799125385514,12.034696963475044
3.0,7.490529402060711,2,732,3.0,34,34,5.666426688112432,1,4.394449154672439,12.014615485902027
2.769230769230769,7.018401799069201,2,1116,1.5,48,48,5.568344503761097,0,4.477336814478207,11.982935344196433
2.8461538461538463,7.260522598089852,1,978,1.0,47,29,0.0,1,4.304065093204169,11.848690308590857
3.076923076923077,7.327123292259293,1,1156,2.0,55,38,5.10594547390058,2,4.394449154672439,11.938199736300925
2.769230769230769,7.640603826393634,2,1040,2.5,38,38,5.262690188904886,2,4.2626798770413155,11.813037464800539
2.769230769230769,7.208600337960199,2,1248,2.5,44,44,5.560681631015528,0,4.418840607796598,12.034696963475044
2.923076923076923,7.467942332285852,1,636,1.0,126,15,0.0,0,3.9318256327243257,11.728044909070785
4.0,7.349230824613334,2,1554,2.0,1,1,4.6913478822291435,1,3.5553480614894135,12.252483791602627
3.1538461538461537,7.252762418053187,2,1386,2.0,32,32,5.3471075307174685,1,4.454347296253507,11.320565693461432
2.6153846153846154,6.963189985870238,1,1056,1.5,53,2,0.0,0,4.394449154672439,11.845109950883979
2.769230769230769,6.963189985870238,2,1056,2.0,30,30,0.0,0,4.174387269895637,11.87757552297847
2.3076923076923075,8.130353547431238,0,1440,2.0,93,12,0.0,0,4.110873864173311,12.206077645517674
1.7692307692307692,6.68586094706836,0,264,1.0,73,59,0.0,1,3.9512437185814275,11.002116507732017
2.8461538461538463,7.23561914106675,1,811,2.0,55,55,0.0,0,3.9318256327243257,11.440365524765756
2.4615384615384617,6.680854678790215,0,796,1.0,98,58,0.0,0,4.219507705176107,11.350418300109132
4.230769230769231,7.357556200910353,3,1520,3.0,0,0,0.0,1,3.9889840465642745,12.485830907348902
4.615384615384615,7.325807502595773,2,1518,1.5,5,4,6.159095388491933,1,4.143134726391533,12.520887034998584
3.769230769230769,7.5652752818989315,2,1057,3.5,6,6,0.0,1,4.310799125385514,12.328294703023396
4.153846153846154,7.902857191280582,2,1952,3.5,37,14,0.0,3,4.330733340286331,12.75130259456002
2.6153846153846154,7.390798521735676,2,780,2.5,38,38,5.575949103146316,0,4.394449154672439,11.931642378754141
4.769230769230769,7.4770384723196965,3,1766,3.5,0,0,5.093750200806762,1,4.454347296253507,12.823631142839984
2.769230769230769,6.889591308354466,2,981,2.5,36,36,0.0,0,4.304065093204169,11.872353615355413
2.1538461538461537,6.955592608396297,2,0,1.0,58,58,0.0,0,4.110873864173311,11.495789479023493
3.076923076923077,6.9985096422506015,2,1094,1.0,55,55,5.37989735354046,2,4.454347296253507,11.951186847493476
3.0,7.517520850603031,2,756,1.5,44,44,5.863631175598097,1,4.2626798770413155,11.951186847493476
2.6153846153846154,6.447305862541213,0,630,2.0,37,37,0.0,0,3.091042453358316,11.344518647594766
3.5384615384615383,7.418180822726788,2,813,2.5,1,1,0.0,0,4.189654742026425,12.235393555399902
2.769230769230769,7.32052696227274,1,755,2.0,69,59,0.0,1,4.110873864173311,11.58989576532275
3.769230769230769,7.448333860897476,2,880,2.5,13,13,0.0,1,4.2626798770413155,12.160033942617156
2.769230769230769,7.293017679772782,1,756,1.0,102,13,0.0,0,4.110873864173311,11.813037464800539
3.923076923076923,7.656337166430183,3,2109,3.5,13,13,6.493753839851687,1,4.5217885770490405,12.765691290604371
2.769230769230769,6.996681488176539,1,525,1.5,39,39,5.945420608606575,0,3.091042453358316,11.385103457032141
3.076923076923077,6.960347729101308,1,1053,2.5,49,2,4.007333185232471,0,4.290459441148391,11.8879382384223
3.3846153846153846,7.315218389752975,1,776,1.5,77,8,0.0,1,4.110873864173311,11.91170829631447
3.076923076923077,7.285506548522786,1,912,1.5,62,60,0.0,1,4.3694478524670215,11.487617913343598
2.6153846153846154,7.304515946460155,2,1486,2.0,45,10,0.0,0,4.330733340286331,12.025755079404917
3.3076923076923075,7.568379267836522,2,793,2.5,31,31,5.455321115357702,1,4.394449154672439,12.19552218463499
3.923076923076923,7.803435056952168,3,1629,3.5,15,4,6.270988431858299,1,3.970291913552122,12.904209855160254
2.8461538461538463,7.239214973779806,2,1392,2.0,41,41,5.37989735354046,2,4.795790545596741,11.608244735642321
2.6153846153846154,7.074963197966044,2,1138,3.0,36,36,0.0,0,4.51085950651685,11.83138646878959
4.461538461538462,7.6487397889562425,3,2077,2.5,1,0,0.0,1,3.912023005428146,12.955129822091815
3.923076923076923,7.5688956634069955,2,1406,2.5,6,6,3.713572066704308,1,4.672828834461906,12.348010479804223
3.0,7.7752758464868625,2,1021,2.5,42,28,4.736198448394496,1,4.304065093204169,11.767575435251748
3.3076923076923075,7.426549072397305,2,1408,3.0,14,10,5.556828061699537,1,4.189654742026425,12.173037959397275
2.8461538461538463,7.271008538280992,2,1188,2.5,50,19,0.0,1,4.276666119016055,12.031725210748633
2.3846153846153846,7.074116816197362,1,700,1.0,84,56,0.0,1,4.394449154672439,11.83138646878959
3.3846153846153846,7.29776828253138,2,738,3.5,4,4,0.0,0,4.174387269895637,12.063938642041201
2.769230769230769,7.222566018822171,1,672,3.0,84,59,0.0,0,4.007333185232471,11.548302261270587
3.3846153846153846,7.097548850614793,2,1208,2.5,29,29,0.0,1,4.23410650459726,12.013706813470414
3.230769230769231,7.517520850603031,2,1477,3.0,50,3,4.672828834461906,2,4.709530201312334,12.458778882573533
3.076923076923077,7.036148493750536,1,1136,2.0,43,43,0.0,1,4.394449154672439,11.849404844423074
3.0,7.273786317844895,2,855,2.5,31,31,0.0,1,3.2188758248682006,11.908346971208951
2.4615384615384617,7.4815557019095165,3,1095,3.0,106,56,0.0,0,4.110873864173311,11.373674891823535
3.076923076923077,6.675823221634848,1,768,1.0,85,3,0.0,0,3.970291913552122,11.603688960617083
4.153846153846154,7.624130585661289,3,2046,2.5,1,1,6.142037405587356,1,4.394449154672439,12.827995001361906
2.6153846153846154,6.8966943316227125,2,988,2.0,46,46,4.060443010546419,0,4.276666119016055,11.763691965388299
3.1538461538461537,6.828712071641684,1,923,2.0,30,30,0.0,1,3.9318256327243257,11.870606902224587
2.6153846153846154,7.327123292259293,1,793,1.0,77,9,0.0,0,4.02535169073515,11.979391594635791
3.4615384615384617,7.163946684342547,2,1291,2.0,12,11,0.0,1,4.394449154672439,12.06105265381003
4.076923076923077,7.419979923661835,3,1626,3.0,5,5,5.375278407684165,1,4.51085950651685,12.560247968016562
3.3076923076923075,7.517520850603031,2,1195,2.5,12,12,3.4339872044851463,0,4.07753744390572,12.30592250537653
3.769230769230769,7.645397699428633,2,1190,3.0,23,23,0.0,1,4.135166556742356,12.242891437918386
3.5384615384615383,7.474204806496124,2,874,3.0,0,0,0.0,0,4.442651256490317,12.336556900342153
3.5384615384615383,7.005789019253503,2,551,2.5,3,3,0.0,0,4.310799125385514,11.910365121788654
4.0,7.258412150595307,2,1419,3.0,0,0,0.0,1,4.110873864173311,12.879019669789754
3.6923076923076925,7.217443431696533,2,1362,2.0,2,1,5.54907608489522,1,4.127134385045092,12.179220327453933
3.6153846153846154,6.744059186311348,2,848,2.0,4,4,4.997212273764115,1,4.2626798770413155,11.856522261533737
5.0,8.370315995555478,3,2444,4.0,13,12,7.065613363597717,2,4.653960350157523,13.534474352733596
3.8461538461538463,7.832014180505469,2,1210,3.5,17,16,5.683579767338681,2,3.7612001156935624,12.721888795877375
2.6153846153846154,6.97914527506881,1,1073,1.0,85,38,0.0,0,4.110873864173311,11.59433032142082
2.6153846153846154,7.3395376954076745,2,927,1.5,73,59,0.0,0,3.9512437185814275,11.860062063178267
3.3846153846153846,7.037027614686276,2,1112,3.0,19,19,4.290459441148391,1,4.007333185232471,12.07824495582233
2.6153846153846154,6.424869023905388,1,616,1.0,85,56,0.0,0,3.9318256327243257,11.39640288460621
2.923076923076923,7.046647277848756,1,980,1.5,54,54,0.0,0,4.060443010546419,11.724004532183379
2.923076923076923,6.796823718274855,1,894,2.0,45,1,0.0,1,4.189654742026425,11.83863282480007
3.5384615384615383,7.238496840894365,2,1391,2.0,4,4,0.0,0,4.0943445622221,12.185875040240456
4.153846153846154,7.496097345175956,3,1800,3.0,4,4,6.447305862541213,1,4.454347296253507,12.652362948153474
2.923076923076923,7.060476365999801,2,1164,1.5,37,37,5.1298987149230735,0,4.394449154672439,11.849404844423074
4.615384615384615,7.854381210652365,3,1234,2.5,0,0,6.1463292576688975,1,4.418840607796598,12.799178471909892
3.076923076923077,7.502738210754851,2,360,2.0,110,14,0.0,1,4.343805421853684,11.849404844423074
3.5384615384615383,7.3031700512368,2,1473,3.0,6,5,4.700480365792417,0,4.2626798770413155,12.269052139516223
1.5384615384615385,6.996681488176539,0,0,2.0,80,60,0.0,0,4.2626798770413155,10.915106645867503
3.5384615384615383,7.509335266016592,2,1643,3.0,36,5,5.863631175598097,2,4.394449154672439,12.618185607609803
4.0,7.1891677384203225,2,1324,3.0,3,3,5.176149732573829,1,3.8918202981106265,12.445093483000798
3.8461538461538463,7.284134806195205,2,728,2.5,0,0,0.0,1,4.189654742026425,12.09815887308463
2.6153846153846154,6.807934943699926,1,876,1.0,42,42,3.7376696182833684,0,4.276666119016055,11.60733523953139
2.5384615384615383,6.593044534142437,0,270,1.0,73,5,0.0,0,4.04305126783455,10.859018228147887
2.4615384615384617,7.072421900537371,1,859,1.0,110,60,0.0,0,4.204692619390966,11.54031687156214
4.0,7.113956109566034,2,1228,3.0,20,19,0.0,1,3.713572066704308,12.149507585033072
2.4615384615384617,6.8679744089702925,2,960,2.0,36,36,5.081404364984463,0,4.110873864173311,11.767575435251748
3.230769230769231,7.299797366758161,2,725,2.5,34,5,5.66988092298052,0,4.276666119016055,11.779136168550774
3.1538461538461537,7.208600337960199,2,1064,2.0,35,35,5.1647859739235145,1,4.3694478524670215,12.013706813470414
2.923076923076923,7.845807502637805,2,718,1.5,117,9,0.0,0,4.110873864173311,11.979805470779858
3.1538461538461537,7.072421900537371,2,1176,2.0,35,8,0.0,1,4.394449154672439,11.964007453736912
3.769230769230769,7.791109510610028,3,1311,3.5,15,14,6.480044561926653,1,4.574710978503383,12.739640688812674
2.8461538461538463,6.879355804460439,1,971,1.5,37,37,0.0,1,4.248495242049359,11.763691965388299
3.923076923076923,7.463363045520021,2,1742,3.0,21,21,0.0,1,4.135166556742356,12.524530013005734
3.3846153846153846,6.744059186311348,2,848,2.0,6,6,5.135798437050262,0,4.2626798770413155,11.870606902224587
2.4615384615384617,6.762729506931879,2,864,1.0,39,39,0.0,0,4.2626798770413155,11.732069026983156
2.4615384615384617,7.293697720601438,1,941,2.0,54,36,0.0,0,4.110873864173311,11.813037464800539
4.769230769230769,7.4377951216719325,3,1698,3.0,2,1,5.831882477283517,1,4.465908118654584,12.676079399771027
2.6923076923076925,6.762729506931879,2,864,1.0,39,39,0.0,0,4.110873864173311,11.699413330633599
3.6923076923076925,7.427144133408616,2,880,3.0,21,2,5.564520407322694,1,4.31748811353631,12.310437165348775
3.5384615384615383,7.117205503164344,2,1232,3.0,2,2,4.418840607796598,0,4.174387269895637,12.178192583415596
2.6153846153846154,7.482681828154651,3,1584,3.0,51,51,4.564348191467836,0,4.454347296253507,11.608244735642321
2.4615384615384617,7.097548850614793,2,780,1.0,84,59,0.0,0,3.970291913552122,11.542493975902508
3.923076923076923,7.388327859577107,2,1595,3.0,15,14,0.0,1,3.6888794541139363,12.373707715234994
4.0,7.044905117129371,2,868,3.0,4,4,6.093569770045136,1,4.304065093204169,12.141539457711714
3.769230769230769,7.616775808698373,2,1153,2.5,10,9,5.313205979041787,1,4.330733340286331,12.312686874960354
2.8461538461538463,7.0431599159883405,1,864,2.0,48,26,0.0,1,4.394449154672439,11.786008995353765
2.6153846153846154,6.855408798609928,1,948,1.0,39,39,0.0,0,4.276666119016055,11.58989576532275
3.3076923076923075,7.478169694159785,2,880,1.5,92,36,0.0,2,4.110873864173311,12.001511614739405
1.8461538461538463,6.947937068614969,2,0,2.0,56,56,0.0,0,4.110873864173311,11.44572741040675
4.0,7.496652438168283,3,893,2.5,1,1,0.0,1,4.290459441148391,12.3879816172226
2.769230769230769,7.0909098220799835,0,1200,6.0,22,21,0.0,0,4.110873864173311,12.095146671399466
3.5384615384615383,7.455298485683291,2,864,2.5,5,5,0.0,0,4.189654742026425,12.154784614286667
2.4615384615384617,7.267525427828172,2,264,2.0,97,5,0.0,0,4.110873864173311,11.790564777297387
3.0,6.816735880594968,1,912,2.5,47,12,0.0,0,4.189654742026425,11.863589378812122
3.076923076923077,7.2078598714324755,2,1349,2.0,7,6,4.6913478822291435,0,4.189654742026425,12.095146671399466
3.0,7.289610521451167,2,520,2.5,46,10,0.0,1,4.2626798770413155,12.07254696717504
3.923076923076923,7.198931240688173,2,1337,3.0,15,15,0.0,1,3.7376696182833684,12.100717685412471
4.0,7.906915488678587,2,1142,4.0,32,12,5.66988092298052,2,4.394449154672439,12.61087420020211
3.769230769230769,7.721791776817535,2,952,2.5,9,9,0.0,1,4.189654742026425,12.371591321286905
3.6923076923076925,7.878912912297132,4,1240,1.5,129,6,0.0,1,4.189654742026425,12.491176396967154
3.769230769230769,7.450660796211539,2,1720,3.0,14,14,5.82600010738045,1,4.0943445622221,12.469978029554953
2.0,7.333023014386481,1,0,2.0,64,59,0.0,0,3.9318256327243257,11.49273296168228
2.4615384615384617,7.039660349862076,0,576,1.0,100,6,0.0,0,4.02535169073515,11.477308649967686
3.5384615384615383,7.186144304522325,2,660,2.5,4,4,0.0,0,4.189654742026425,11.995357787034976
3.1538461538461537,7.3098814858247865,2,1479,3.0,9,9,0.0,0,4.382026634673881,12.28765724080691
4.230769230769231,7.649216319820633,3,1030,2.5,1,1,5.187385805840755,1,4.394449154672439,12.526346537332584
3.0,6.934397209928558,2,1026,2.0,40,4,0.0,0,4.127134385045092,11.957617696467539
2.923076923076923,7.294377299288821,2,729,2.5,10,10,6.796823718274855,0,3.5553480614894135,12.058158312538197
3.6923076923076925,7.478169694159785,2,866,2.5,2,2,0.0,0,4.23410650459726,12.264346270624157
3.0,7.234898420314831,2,672,2.5,32,32,5.796057750765372,1,4.276666119016055,11.97603664577121
3.076923076923077,7.31455283232408,2,744,2.5,9,9,5.8888779583328805,0,3.2188758248682006,12.097378802727306
3.923076923076923,7.836764783264067,3,1318,2.5,12,12,6.2422232654551655,1,4.189654742026425,12.577639650232573
2.769230769230769,6.762729506931879,1,864,1.0,50,50,0.0,0,4.2626798770413155,11.755879486687116
2.3846153846153846,7.171656822768514,2,1145,1.0,85,59,0.0,0,4.110873864173311,11.51293546492023
3.3076923076923075,7.344719054149673,2,756,2.5,1,1,0.0,0,4.290459441148391,12.279327754099118
4.0,7.768956044538332,3,1252,3.5,10,10,6.513230110912307,1,4.418840607796598,12.727841176689147
4.230769230769231,7.3098814858247865,2,1494,2.5,11,10,0.0,1,3.4339872044851463,12.506180941677357
4.384615384615385,7.317876198626496,2,1498,2.0,0,0,5.652489180268651,1,4.330733340286331,12.484208043148733
3.3076923076923075,7.44716835960004,2,980,2.5,22,22,3.7612001156935624,1,4.394449154672439,12.188422799337028
2.923076923076923,7.467942332285852,1,983,3.0,68,23,0.0,0,4.330733340286331,11.982935344196433
3.8461538461538463,7.515889085215125,2,1860,2.0,2,1,0.0,1,4.2626798770413155,12.28690580994122
4.461538461538462,8.09559870137819,3,1650,4.5,7,7,6.403574197934815,1,3.8712010109078907,13.195615697878253
2.769230769230769,6.755768921984256,2,858,2.0,27,27,0.0,0,4.276666119016055,11.812296455066814
2.3076923076923075,7.107425474110705,2,836,1.0,55,55,0.0,0,4.219507705176107,11.532737896139919
3.0,7.0192966537150445,2,1029,2.0,34,34,0.0,1,4.553876891600541,11.580593459194764
2.6153846153846154,6.816735880594968,1,912,1.0,49,49,0.6931471805599453,0,4.2626798770413155,11.648338835562747
4.0,7.587817219993427,3,1935,2.0,1,1,5.929589143389895,1,4.709530201312334,12.886643575525625
3.076923076923077,7.094234845924755,2,1204,3.0,11,11,5.771441123130016,0,3.4965075614664802,11.995357787034976
3.5384615384615383,7.387090235656757,3,1614,2.0,1,0,5.484796933490655,0,4.465908118654584,12.308182383129823
2.769230769230769,6.796823718274855,2,864,2.0,32,32,0.0,1,4.61512051684126,11.86710429621008
2.3846153846153846,7.611347717403621,2,0,2.0,30,30,5.771441123130016,2,4.110873864173311,11.87757552297847
2.923076923076923,6.912742820493176,2,975,2.0,29,29,4.51085950651685,0,4.3694478524670215,11.813037464800539
3.3076923076923075,7.134093721192866,2,1237,2.0,12,11,3.6635616461296463,1,4.1588830833596715,12.07824495582233
3.3846153846153846,7.38025578842646,2,761,2.5,14,14,0.0,0,4.189654742026425,12.077676615757813
3.5384615384615383,7.266128779556451,2,1413,2.0,8,7,0.0,0,4.219507705176107,12.139403856983334
3.230769230769231,7.01301578963963,2,1097,2.0,31,31,4.653960350157523,1,4.304065093204169,12.016732516077072
3.076923076923077,7.3031700512368,0,742,2.0,94,7,0.0,1,3.58351893845611,11.759793355371237
3.076923076923077,7.202661196523238,2,1372,2.0,42,42,0.0,1,4.394449154672439,11.992266613576142
2.4615384615384617,7.410347097821024,1,686,3.0,95,60,0.0,0,4.110873864173311,11.842236406331555
3.5384615384615383,7.642524134232902,2,956,3.5,6,6,0.0,0,4.343805421853684,12.358798024384122
2.4615384615384617,6.804614520062624,1,901,1.0,54,8,0.0,0,3.9318256327243257,11.588969419043874
3.0,7.643961949002529,2,832,2.5,41,0,5.062595033026967,0,4.394449154672439,12.141539457711714
3.8461538461538463,7.044032897274685,2,1145,2.0,4,3,2.4849066497880004,1,3.784189633918261,11.984184555794167
3.1538461538461537,6.968850378341948,2,1029,2.0,31,31,0.0,2,4.304065093204169,11.896833207128452
3.5384615384615383,7.607878073278507,2,1117,3.5,11,10,0.0,1,4.532599493153256,12.505402864156405
3.6923076923076925,7.311218384419629,2,1496,2.0,0,0,4.948759890378168,0,4.343805421853684,12.323860125621126
3.769230769230769,7.547501682814967,2,712,2.5,14,12,0.0,1,4.189654742026425,12.178192583415596
3.1538461538461537,7.355641102974253,2,650,2.5,30,29,4.875197323201151,1,4.2626798770413155,12.049424683420915
3.0,7.1592919047975645,2,660,1.5,30,30,5.003946305945459,1,4.276666119016055,11.874097282798648
2.6153846153846154,6.651571873589727,1,773,1.0,55,55,0.0,0,4.060443010546419,11.608244735642321
4.769230769230769,8.052296499538647,3,1926,3.5,1,0,6.7580945044277305,2,4.653960350157523,13.091906231773164
3.230769230769231,7.478169694159785,1,731,2.5,70,57,5.53338948872752,2,4.110873864173311,12.07254696717504
3.1538461538461537,7.4318919168078,2,616,3.5,11,11,0.0,0,4.382026634673881,12.206077645517674
2.4615384615384617,7.087573705557973,2,1196,2.0,91,17,0.0,0,3.713572066704308,11.60733523953139
3.8461538461538463,7.284134806195205,2,728,3.5,3,3,0.0,1,4.1588830833596715,12.149507585033072
4.769230769230769,7.945555428253489,3,1734,3.5,1,0,6.052089168924417,1,4.68213122712422,13.275829251377
2.6153846153846154,7.029087564149662,1,936,1.0,52,52,0.0,0,4.330733340286331,11.678448377988165
3.769230769230769,7.264730177929867,2,1417,2.0,0,0,5.54907608489522,0,4.5217885770490405,12.335700805443338
2.6153846153846154,6.8885724595653635,1,980,2.0,39,39,0.0,0,4.330733340286331,11.816734299348461
3.076923076923077,7.3632795869630385,2,1324,3.5,86,5,0.0,1,4.976733742420574,12.317171167298682
2.923076923076923,6.99117688712121,2,1024,2.0,40,40,6.954638864880987,1,4.454347296253507,11.982622797311857
2.6153846153846154,7.668093709082406,2,849,2.0,111,44,0.0,0,4.51085950651685,11.571203807011969
3.1538461538461537,7.177782416195197,2,1040,2.5,32,7,4.605170185988092,1,4.3694478524670215,12.10625783509458
3.6923076923076925,6.744059186311348,2,848,2.0,4,4,5.135798437050262,1,4.2626798770413155,11.881041706925902
2.1538461538461537,6.951772164398911,2,540,1.0,58,58,0.0,0,4.204692619390966,10.932999821119937
2.769230769230769,7.274479558773871,1,1442,1.5,49,49,5.497168225293202,0,4.330733340286331,11.969723533345908
2.3846153846153846,7.1316985104669115,1,686,2.0,88,56,0.0,0,3.828641396489095,11.661354090741
3.3076923076923075,7.415776975415394,2,1649,2.0,12,12,6.093569770045136,0,3.8918202981106265,12.323415584358154
2.923076923076923,6.9167150203536085,1,1008,1.0,52,52,0.0,1,4.304065093204169,11.827743504053695
4.0,7.432483807917119,3,1568,3.0,6,6,5.003946305945459,2,4.304065093204169,12.509877789891931
2.769230769230769,6.959398512133975,2,1010,2.0,39,39,4.394449154672439,0,4.394449154672439,11.951186847493476
3.8461538461538463,7.214504414151143,2,1358,3.0,1,0,4.859812404361672,1,3.8066624897703196,12.319405795112926
3.5384615384615383,7.403061091090091,2,798,2.5,5,5,0.0,0,4.290459441148391,12.117246896289503
2.076923076923077,6.842683282238422,2,936,1.0,56,56,0.0,0,4.110873864173311,11.440365524765756
3.8461538461538463,7.458186157340487,2,847,2.5,4,4,0.0,1,4.189654742026425,12.323860125621126
3.076923076923077,7.306531398939505,1,778,2.0,69,59,0.0,1,4.110873864173311,11.845827048676645
4.0,7.306531398939505,2,1489,2.0,0,0,0.0,1,4.406719247264253,12.357079818283598
4.923076923076923,7.642524134232902,3,2078,3.0,1,0,6.705639094860003,1,4.74493212836325,12.861001210669146
2.8461538461538463,6.665683717782408,0,784,2.0,84,58,0.0,0,3.9318256327243257,11.603688960617083
3.769230769230769,7.268920128193722,2,1454,2.0,8,8,0.0,1,4.189654742026425,12.149507585033072
2.6153846153846154,7.6624678152002375,2,1013,3.0,42,42,0.0,0,4.394449154672439,12.128116509451258
3.5384615384615383,7.1098794630722715,2,600,2.5,1,1,0.0,0,3.2188758248682006,11.900912042974875
3.076923076923077,7.239214973779806,2,1392,2.5,51,51,5.961005339623274,2,4.394449154672439,12.019749091416921
3.3076923076923075,7.0909098220799835,2,600,2.5,1,1,0.0,0,3.4339872044851463,11.92504173829169
3.769230769230769,7.512071245835466,2,941,3.5,7,7,5.4116460518550396,1,3.8066624897703196,12.37581963951765
2.769230769230769,7.324489979348532,2,1516,1.5,45,45,5.198497031265826,0,4.61512051684126,12.025755079404917
2.6153846153846154,7.0431599159883405,2,1144,2.0,47,47,4.919980925828125,0,4.330733340286331,11.849047640327147
2.8461538461538463,6.97354301952014,2,1067,2.0,60,15,0.0,0,4.110873864173311,11.759793355371237
2.6153846153846154,7.352441100243583,2,1559,2.0,59,34,0.0,0,4.51085950651685,11.941462360646149
2.769230769230769,6.895682697747868,1,483,2.5,35,35,5.0689042022202315,0,3.091042453358316,11.51293546492023
3.0,7.003065458786462,1,1099,1.5,13,2,0.0,0,4.330733340286331,11.87757552297847
2.6153846153846154,7.0909098220799835,1,768,1.0,62,13,0.0,0,4.2626798770413155,11.779136168550774
2.5384615384615383,7.301822342137932,1,672,2.0,83,58,0.0,0,4.110873864173311,11.849404844423074
2.923076923076923,7.3395376954076745,2,650,2.0,104,6,0.0,1,4.110873864173311,11.967187086434018
2.769230769230769,7.061334366910438,2,1127,2.5,42,42,5.214935757608986,0,4.418840607796598,12.071975378543236
2.6153846153846154,7.496097345175956,0,1800,2.0,46,46,0.0,0,4.394449154672439,11.856522261533737
2.923076923076923,7.256297239690681,3,876,1.5,93,58,0.0,1,4.61512051684126,11.944064817531656
3.0,7.43955930913332,2,1390,3.0,32,26,0.0,2,4.276666119016055,12.049424683420915
3.769230769230769,7.4821189235521155,2,740,3.5,16,16,4.927253685157205,1,4.330733340286331,12.269052139516223
2.769230769230769,6.762729506931879,1,864,2.0,37,37,0.0,1,3.6109179126442243,11.80186424743109
3.076923076923077,7.765993079407675,2,907,3.0,100,11,0.0,1,4.330733340286331,12.388398368982115
3.230769230769231,7.526178913346146,2,528,2.5,31,13,5.8888779583328805,1,4.394449154672439,12.138869243416009
3.3846153846153846,6.744059186311348,2,848,2.0,4,4,5.14166355650266,0,3.6109179126442243,11.78676973513378
3.923076923076923,7.284134806195205,2,1273,2.0,3,3,3.713572066704308,1,3.784189633918261,12.278397958261774
3.230769230769231,7.4067107301776405,1,918,2.0,66,57,0.0,2,3.9889840465642745,12.00762780434872
2.923076923076923,7.27655640271871,2,1127,1.5,45,45,4.7535901911063645,1,4.304065093204169,11.970356641102999
2.923076923076923,7.484368643286131,2,1763,2.5,51,32,0.0,1,4.634728988229636,12.04355959836804
2.6153846153846154,6.947937068614969,1,1040,2.5,48,0,0.0,0,4.276666119016055,11.751950239425476
2.923076923076923,6.934397209928558,2,940,2.0,30,30,0.0,0,4.2626798770413155,11.898194668458823
3.1538461538461537,7.301147805856032,2,702,2.5,15,14,0.0,1,4.189654742026425,12.066816325306588
3.3076923076923075,7.223295679562314,2,1090,2.0,33,33,5.247024072160486,1,4.394449154672439,11.931642378754141
3.3076923076923075,7.884199933676039,2,1054,3.5,38,22,5.3981627015177525,1,4.394449154672439,12.429220196836383
3.6923076923076925,7.2633296174768365,1,912,1.5,89,9,0.0,1,4.02535169073515,12.154521423145216
2.6153846153846154,6.946975992135418,2,1039,2.5,45,45,0.0,0,4.330733340286331,11.78676973513378
2.923076923076923,7.001245622069476,2,1040,2.0,26,25,0.0,0,4.406719247264253,11.931642378754141
2.6153846153846154,7.046647277848756,1,1148,2.0,50,50,0.0,0,4.2626798770413155,11.794345471549745
3.6923076923076925,7.224753405767971,2,1372,2.0,1,0,0.0,0,4.290459441148391,12.43153750053306
2.6153846153846154,6.910750787961936,2,1002,2.0,39,39,4.343805421853684,0,4.304065093204169,11.908346971208951
4.0,7.4067107301776405,3,1638,2.0,1,0,5.616771097666572,1,4.219507705176107,12.424810506025395
2.230769230769231,7.02197642307216,2,1040,2.5,46,46,0.0,0,4.454347296253507,11.767575435251748
2.3846153846153846,7.749753406274437,2,0,2.0,58,56,0.0,1,4.189654742026425,12.037659911047468
3.769230769230769,7.575584651557793,2,1050,3.5,17,16,5.5093883366279774,1,4.394449154672439,12.371591321286905
2.6153846153846154,6.796823718274855,1,894,1.0,47,47,0.0,0,4.110873864173311,11.603688960617083
3.1538461538461537,7.428333194190806,2,804,2.5,12,12,4.762173934797756,0,4.2626798770413155,12.208574513247495
3.076923076923077,6.814542897259958,2,105,1.0,55,12,0.0,0,4.31748811353631,11.661354090741
3.1538461538461537,7.1459844677143876,1,832,1.0,60,59,0.0,1,4.110873864173311,11.798111925972618
2.6153846153846154,7.0317412587631285,1,676,1.5,68,59,0.0,0,3.970291913552122,11.104972264124868
4.230769230769231,7.8674885686991285,2,1184,2.5,0,0,0.0,1,4.330733340286331,12.623064399210183
2.4615384615384617,6.947937068614969,2,1064,2.0,44,44,0.0,0,4.553876891600541,11.792456911128632
4.538461538461538,7.707512194600341,3,1462,3.5,5,4,5.37989735354046,1,4.31748811353631,12.765691290604371
2.8461538461538463,7.052721049232323,2,1109,2.0,49,15,0.0,0,4.48863636973214,11.904974309480181
2.8461538461538463,6.762729506931879,1,864,2.0,31,4,4.51085950651685,0,4.2626798770413155,11.824087219587643
2.923076923076923,6.994849985833071,2,1090,2.5,2,1,0.0,0,4.110873864173311,11.964007453736912
3.769230769230769,7.4489161025442,2,1156,2.5,17,16,4.770684624465665,1,3.8066624897703196,12.141539457711714
3.1538461538461537,7.374001859350161,2,808,2.5,17,16,0.0,1,4.189654742026425,12.08954444723597
2.6923076923076925,7.7102051944325325,1,795,2.0,94,56,0.0,0,4.110873864173311,11.682676678340282
2.6153846153846154,6.794586580876499,1,892,1.0,42,42,4.110873864173311,0,4.189654742026425,11.51293546492023
4.230769230769231,7.444248649496705,2,1698,3.0,9,8,4.110873864173311,1,3.9318256327243257,12.70351207261035
2.6153846153846154,7.44600149832412,2,1626,2.0,47,1,4.812184355372417,0,4.2626798770413155,11.884495917930655
2.6153846153846154,7.2399325913204695,1,816,1.5,53,53,0.0,0,4.0943445622221,11.816734299348461
3.769230769230769,7.704361167910313,2,2217,3.0,37,37,0.0,1,4.564348191467836,12.498745990829315
3.0,7.317212408359839,2,1505,2.0,56,56,4.51085950651685,1,4.859812404361672,11.915058360753719
2.6923076923076925,6.829793737512425,2,672,1.0,58,1,0.0,1,4.110873864173311,11.719134432217524
3.0,7.428927194802272,2,918,2.5,31,31,4.532599493153256,1,4.2626798770413155,12.058158312538197
2.769230769230769,6.974478911025045,1,1059,1.5,43,3,0.0,0,4.2626798770413155,11.947955847790901
3.076923076923077,7.232733136177615,1,1383,2.0,54,54,0.0,1,4.276666119016055,12.013706813470414
2.1538461538461537,7.336936913707618,2,0,2.0,30,30,0.0,0,4.174387269895637,11.685693195625964
3.0,7.493873886783559,2,780,2.5,45,45,6.030685260261263,1,4.276666119016055,11.849404844423074
2.4615384615384617,6.858565034791365,1,951,1.0,70,56,0.0,0,3.9318256327243257,11.575909653758895
2.1538461538461537,7.714677473800927,2,0,2.0,30,30,0.0,0,4.174387269895637,11.870278179170796
4.769230769230769,7.768533300926033,3,2330,3.5,1,0,6.634633357861686,2,4.61512051684126,13.323928581764989
2.8461538461538463,7.1204443723924875,1,912,1.0,45,12,0.0,1,4.189654742026425,11.813037464800539
2.4615384615384617,6.755768921984256,1,858,1.0,36,36,0.0,0,4.304065093204169,11.608244735642321
2.6153846153846154,7.175489713624222,1,992,2.0,52,9,0.0,0,4.174387269895637,11.938199736300925
3.8461538461538463,7.31986492980897,2,783,2.5,3,3,0.0,1,4.1588830833596715,12.100717685412471
3.8461538461538463,7.421177528595393,3,1670,2.0,0,0,3.332204510175204,1,3.9318256327243257,12.388398368982115
2.6153846153846154,6.805722553416985,1,876,1.0,40,40,4.330733340286331,0,4.276666119016055,11.74006900564972
2.6153846153846154,6.96979066990159,1,1056,2.0,56,56,4.709530201312334,0,4.394449154672439,11.759793355371237
4.0,7.400620577371135,3,1623,3.0,1,1,5.342334251964811,1,4.762173934797756,12.449022745701502
3.8461538461538463,7.629489916393995,1,1017,1.5,70,19,0.0,1,4.465908118654584,12.429220196836383
2.769230769230769,6.805722553416985,2,864,2.0,23,23,0.0,0,4.304065093204169,11.782960235741939
3.6923076923076925,7.3031700512368,2,742,2.5,4,4,0.0,1,5.0106352940962555,12.066816325306588
2.6153846153846154,7.729735331385051,2,1105,2.0,50,50,5.891644211825771,0,4.394449154672439,11.946660519211651
3.0,7.1459844677143876,1,1268,1.5,32,20,0.0,0,4.2626798770413155,11.874097282798648
2.6153846153846154,6.923628628138427,1,768,1.0,81,56,0.0,0,3.9512437185814275,11.385103457032141
2.6153846153846154,7.602401335665818,3,1001,2.0,58,57,0.0,0,4.418840607796598,11.884495917930655
3.3846153846153846,7.110696122978827,2,612,2.5,0,0,4.343805421853684,0,3.4339872044851463,12.065280672855897
2.4615384615384617,6.996681488176539,1,546,1.5,37,37,4.394449154672439,0,3.091042453358316,11.225256725762893
2.1538461538461537,6.175867270105761,1,480,1.0,57,56,0.0,0,3.9318256327243257,10.471978128496518
2.4615384615384617,7.114769448366463,1,1134,1.0,53,53,0.0,0,4.182050142641207,11.813037464800539
3.923076923076923,7.662937850461535,3,1104,3.5,16,16,0.0,1,4.6443908991413725,12.380030154325457
3.6153846153846154,7.254884810077338,2,1184,2.0,50,6,0.0,1,4.477336814478207,12.081081821061819
3.3846153846153846,7.451241684987676,2,928,3.0,13,13,4.663439094112067,0,4.2626798770413155,12.211065162153215
2.6153846153846154,7.696667081526462,0,1272,5.0,108,5,0.0,0,4.219507705176107,11.890683588496984
3.6923076923076925,7.183111701743281,2,1316,2.0,1,0,0.0,1,4.189654742026425,12.043500773454495
3.5384615384615383,7.388946097618437,2,1604,3.0,15,14,0.0,1,3.9318256327243257,12.170450649220749
3.1538461538461537,7.430707082545968,2,1686,3.0,26,26,5.062595033026967,1,4.382026634673881,12.242891437918386
3.230769230769231,7.027314514039777,2,1126,2.5,31,31,0.0,0,4.394449154672439,12.07254696717504
4.230769230769231,7.772752716468742,3,1181,2.5,4,3,5.831882477283517,1,4.543294782270004,12.560247968016562
3.230769230769231,7.590346945602565,2,832,2.5,40,40,5.83773044716594,1,4.394449154672439,12.07824495582233
4.153846153846154,7.489412083508719,2,1753,2.0,8,8,0.0,1,4.2626798770413155,12.373707715234994
3.5384615384615383,7.71289096149013,2,964,2.5,9,9,5.655991810819852,1,4.189654742026425,12.310437165348775
3.6923076923076925,7.2909747781429814,3,1466,2.0,2,2,0.0,0,4.304065093204169,12.211065162153215
2.6153846153846154,6.8308742346461795,1,925,1.5,44,44,0.0,0,4.2626798770413155,11.674202123168433
4.769230769230769,7.552762084214147,3,1905,2.0,1,1,5.713732805509369,1,4.442651256490317,12.676079399771027
3.5384615384615383,7.313886831633462,2,1500,2.0,5,5,5.351858133476067,0,4.1588830833596715,12.154784614286667
3.6153846153846154,7.635303886259415,2,585,3.0,48,1,0.0,1,5.749392985908253,12.396697137361691
2.3076923076923075,6.617402977974478,2,600,1.0,80,53,4.6913478822291435,0,3.970291913552122,11.288543647320601
3.5384615384615383,7.0909098220799835,2,1176,3.0,6,6,0.0,0,4.219507705176107,12.127575825689417
3.8461538461538463,7.586803535162581,2,1113,2.5,4,4,0.0,1,4.330733340286331,12.441148720271016
3.5384615384615383,7.5822291942764615,3,1391,2.5,0,0,0.0,0,4.304065093204169,12.387560521575551
3.1538461538461537,7.784889295655098,1,1032,2.0,70,60,0.0,2,4.394449154672439,12.406565597924235
2.769230769230769,7.455298485683291,2,1728,2.0,30,30,0.0,0,4.02535169073515,11.924379271639218
3.769230769230769,7.630946580890459,2,992,3.5,10,10,5.700443573390686,1,4.189654742026425,12.273735966890268
2.6153846153846154,7.273092595999522,0,1440,4.0,30,30,0.0,0,3.7612001156935624,11.918397239722838
2.6153846153846154,7.398174092970465,2,1632,2.0,40,40,0.0,0,4.61512051684126,11.870606902224587
3.3076923076923075,7.20414929203594,2,819,1.5,51,51,6.295266001439646,1,4.454347296253507,11.83138646878959
2.6153846153846154,7.533693709848633,2,1088,1.0,119,13,0.0,0,4.59511985013459,11.735276702486741
2.8461538461538463,7.0431599159883405,1,1144,2.0,47,47,4.859812404361672,1,4.2626798770413155,11.870606902224587
4.0,7.396335293800808,3,1616,3.0,5,4,5.4680601411351315,1,4.454347296253507,12.506180941677357
3.769230769230769,7.482681828154651,2,936,2.5,4,4,4.976733742420574,1,4.189654742026425,12.167856627501678
3.230769230769231,7.231287004327616,2,1161,2.5,38,4,0.0,1,4.3694478524670215,12.193498926601634
2.8461538461538463,6.762729506931879,2,864,2.0,57,5,0.0,0,4.110873864173311,11.767575435251748
2.6153846153846154,6.873163834212518,1,828,2.0,41,41,0.0,0,4.110873864173311,11.694421681264394
2.769230769230769,6.645090969505644,1,768,1.5,37,6,0.0,0,4.110873864173311,11.804855999911272
2.6923076923076925,7.585281078639126,2,784,3.0,39,39,5.4510384535657,1,4.304065093204169,12.055255569732177
2.923076923076923,6.8885724595653635,0,945,3.0,31,31,5.5254529391317835,0,3.58351893845611,11.755879486687116
2.923076923076923,7.580189417944541,2,979,2.0,61,57,6.049733455231958,0,4.418840607796598,11.884495917930655
3.1538461538461537,7.114769448366463,2,561,1.5,29,29,0.0,1,3.2188758248682006,11.728044909070785
2.6153846153846154,6.964135612418245,2,1057,1.0,45,45,0.0,0,4.2626798770413155,11.790564777297387
3.5384615384615383,7.198931240688173,2,1337,3.0,4,4,0.0,0,4.189654742026425,12.128116509451258
3.5384615384615383,7.256297239690681,2,696,3.5,11,11,0.0,0,3.2188758248682006,11.951186847493476
2.6153846153846154,6.755768921984256,0,858,2.0,52,2,0.0,0,3.9318256327243257,11.665655135642039
3.1538461538461537,7.96311205897929,2,1330,3.5,31,13,6.052089168924417,1,4.394449154672439,12.513561021741964
3.3846153846153846,7.3453648404168685,2,804,3.5,31,31,0.0,1,3.2188758248682006,11.951186847493476
4.230769230769231,7.496097345175956,2,1800,2.0,2,2,0.0,0,4.812184355372417,12.384223015005313
3.8461538461538463,7.546974117516527,2,817,3.5,8,7,3.8066624897703196,1,4.394449154672439,12.277932735946903
3.6923076923076925,7.3031700512368,2,783,2.5,2,0,0.0,1,4.189654742026425,12.094587859196112
3.076923076923077,7.1770187659099,1,728,2.5,69,59,0.0,2,4.875197323201151,11.982935344196433
2.6153846153846154,7.002155954403621,1,1098,2.0,53,53,5.0238805208462765,0,4.304065093204169,11.813037464800539
2.3076923076923075,6.876264611890766,0,600,1.0,99,59,0.0,0,3.9318256327243257,10.542732775946709
2.769230769230769,6.999422467507961,1,588,2.0,48,48,4.663439094112067,0,4.330733340286331,11.849404844423074
2.4615384615384617,7.084226422097916,0,720,1.5,57,56,0.0,0,4.110873864173311,11.813037464800539
3.5384615384615383,7.394493107219038,2,764,2.0,6,5,4.672828834461906,0,3.6109179126442243,12.06105265381003
3.1538461538461537,6.823286122355687,1,918,2.0,31,31,0.0,1,4.02535169073515,11.507922973347437
3.5384615384615383,7.264730177929867,2,1428,2.0,1,0,0.0,0,4.564348191467836,12.111767460549332
3.3076923076923075,7.61085279039525,2,728,1.0,99,16,0.0,0,4.110873864173311,12.02874460037869
3.5384615384615383,7.232010331664759,2,673,3.5,6,6,0.0,0,4.310799125385514,12.013706813470414
2.3846153846153846,6.76849321164863,0,440,1.0,83,48,0.0,0,3.9512437185814275,11.356283350762888
3.5384615384615383,7.124478262493424,2,1241,2.5,1,0,0.0,0,3.58351893845611,12.20557752297723
2.4615384615384617,6.796823718274855,2,894,1.0,53,53,0.0,0,4.23410650459726,11.608244735642321
2.6153846153846154,7.022868086082641,2,1121,2.0,46,46,0.0,0,4.394449154672439,11.842236406331555
3.8461538461538463,6.907755278982137,2,944,2.0,47,1,5.351858133476067,0,4.304065093204169,12.091789104493502
3.923076923076923,7.868254265520613,3,1225,3.5,11,10,6.883462586413092,1,4.59511985013459,12.724869415131389
3.8461538461538463,7.144407180321139,2,1266,2.0,1,1,2.833213344056216,1,3.784189633918261,11.982278882874377
4.0,7.736743682453495,2,1128,2.5,6,6,0.0,1,4.2626798770413155,12.45254592991672
2.3846153846153846,7.45876269238096,2,0,2.0,32,32,0.0,0,4.330733340286331,11.744045122410057
2.6153846153846154,7.060476365999801,1,1164,2.0,58,58,0.0,0,4.23410650459726,11.736077016252437
3.0,7.400009517162692,1,485,1.0,96,3,0.0,0,4.0943445622221,11.669937760751914
4.769230769230769,7.57095858316901,3,1930,3.5,1,0,6.111467339502679,1,4.430816798843313,12.887129532148373
3.230769230769231,7.616283561580385,2,848,2.5,31,31,5.700443573390686,1,4.394449154672439,12.180759965737863
3.5384615384615383,7.3632795869630385,2,770,2.5,0,0,0.0,0,4.189654742026425,12.190964083849375
3.923076923076923,7.780303087908373,3,1396,3.5,9,8,6.049733455231958,1,4.418840607796598,12.759960632315702
3.8461538461538463,7.463363045520021,2,916,1.5,127,23,0.0,1,4.804021044733257,12.031725210748633
3.1538461538461537,7.524021415206125,2,822,2.5,43,14,5.831882477283517,1,4.394449154672439,12.138869243416009
3.1538461538461537,7.313886831633462,2,750,2.5,1,0,0.0,0,4.23410650459726,12.066241450757124
4.923076923076923,7.449498005382849,3,1700,3.0,3,2,5.442417710521793,1,4.574710978503383,12.729323752253295
2.4615384615384617,7.115582126184454,1,747,2.5,60,56,0.0,0,3.9512437185814275,11.7085004721646
2.6153846153846154,6.957497370876951,1,1050,2.0,45,45,0.0,0,4.304065093204169,11.824087219587643
3.0,7.274479558773871,2,1442,2.0,39,39,6.349138991379798,1,4.394449154672439,12.128116509451258
2.6153846153846154,6.982862751468942,1,1007,1.0,84,56,0.0,1,4.110873864173311,11.418625774449598
3.5384615384615383,7.097548850614793,2,1187,3.0,4,4,3.2188758248682006,0,4.174387269895637,12.235636302128867
1.6153846153846154,6.851184927493743,2,0,1.0,57,57,0.0,0,4.31748811353631,11.314486721293981
2.923076923076923,6.539585955617669,1,691,1.0,87,57,0.0,0,4.110873864173311,11.362114203075018
4.0,7.362010551259734,3,1574,2.0,2,2,3.9889840465642745,1,4.330733340286331,12.354496960983985
2.6153846153846154,7.427144133408616,2,1680,2.0,31,31,5.10594547390058,0,4.394449154672439,11.827049837927534
3.8461538461538463,7.316548177182976,2,1346,2.0,4,3,2.833213344056216,1,3.784189633918261,12.10625783509458
3.0,6.893656354602635,1,985,2.0,31,31,5.3981627015177525,0,4.189654742026425,11.917730355182513
3.1538461538461537,7.4133673356952405,2,1657,2.5,37,37,0.0,1,4.304065093204169,12.004574385508691
2.4615384615384617,6.996681488176539,1,546,1.5,39,39,0.0,0,3.091042453358316,11.385103457032141
4.0,7.444833273892193,2,1710,2.0,5,4,4.6913478822291435,1,3.784189633918261,12.388398368982115
2.6153846153846154,7.328437352895162,0,1008,2.0,80,56,0.0,0,4.110873864173311,11.532737896139919
2.923076923076923,7.148345743900068,1,720,2.0,60,58,0.0,1,4.7535901911063645,11.813037464800539
2.1538461538461537,7.417580402414544,0,0,2.0,45,45,0.0,0,4.330733340286331,11.51293546492023
3.230769230769231,7.315218389752975,1,602,1.5,84,11,0.0,2,4.02535169073515,12.013706813470414
2.6153846153846154,6.930494765951626,1,1022,2.0,99,3,0.0,0,4.110873864173311,11.350418300109132
3.076923076923077,6.9874902470009905,1,1082,1.0,59,57,5.332718793265369,1,4.110873864173311,11.688566422839942
3.6923076923076925,7.418180822726788,2,810,3.5,8,8,0.0,0,4.2626798770413155,12.33270970174018
3.769230769230769,7.316548177182976,2,1504,3.0,13,13,5.2832037287379885,1,4.304065093204169,12.220966184120165
4.076923076923077,7.215975002651466,2,1220,2.0,25,25,0.0,1,4.135166556742356,12.141539457711714
3.769230769230769,7.29505641646263,2,384,2.5,16,15,4.343805421853684,1,4.189654742026425,11.982935344196433
3.8461538461538463,7.317876198626496,2,1362,2.0,1,1,4.983606621708336,1,3.784189633918261,12.271349956195543
2.8461538461538463,7.0326242610280065,2,1132,2.5,3,3,0.0,0,4.110873864173311,12.07824495582233
3.5384615384615383,7.107425474110705,2,1199,3.0,0,0,4.442651256490317,0,4.174387269895637,12.175618592671356
2.6153846153846154,7.130098510125578,1,912,1.0,77,57,0.0,0,3.970291913552122,11.373674891823535
3.8461538461538463,7.316548177182976,2,1346,2.0,3,2,2.70805020110221,1,3.784189633918261,12.160033942617156
4.0,7.972121128921655,2,1565,3.0,32,32,0.0,1,4.454347296253507,12.567240979056246
2.6153846153846154,6.78332520060396,2,882,2.0,35,35,0.0,0,4.2626798770413155,11.630717389475995
2.923076923076923,7.142827401161621,2,1268,2.0,50,50,5.783825182329737,2,4.304065093204169,12.02874460037869
4.0,7.4067107301776405,3,1638,3.0,1,0,5.82600010738045,1,4.276666119016055,12.588194064175278
2.923076923076923,7.227662498728655,1,768,2.0,66,57,0.0,1,4.382026634673881,11.561725152903833
2.769230769230769,7.105786129481271,1,672,2.0,34,34,5.641907070938114,0,3.091042453358316,11.678448377988165
2.6153846153846154,7.564757012905729,0,686,2.0,90,11,0.0,0,4.110873864173311,11.982935344196433
3.1538461538461537,8.03365842788615,2,824,3.5,89,39,0.0,2,4.634728988229636,12.190964083849375
3.923076923076923,7.83241092718792,3,1338,3.5,13,13,0.0,1,4.5217885770490405,12.644330802262578
3.5384615384615383,7.411556287811163,3,1654,3.0,4,4,5.69035945432406,0,4.2626798770413155,12.345838935721968
2.5384615384615383,6.86171134048073,1,920,1.0,69,57,0.0,1,3.9318256327243257,11.693169865968983
2.0,6.740519359606223,1,0,1.0,52,52,0.0,0,4.182050142641207,11.338583982516495
4.615384615384615,7.390798521735676,3,1620,3.0,2,1,4.2626798770413155,1,4.499809670330265,12.66191713053049
3.923076923076923,7.724888439323074,2,1055,2.5,7,6,5.983936280687191,1,4.2626798770413155,12.567240979056246
2.6923076923076925,7.20414929203594,0,546,1.5,39,1,0.0,1,3.091042453358316,11.48247656671073
2.6153846153846154,6.447305862541213,1,630,2.0,39,39,0.0,0,3.091042453358316,11.289794413577894
2.8461538461538463,7.4977617006225685,2,1134,3.0,49,6,4.219507705176107,1,4.48863636973214,11.951186847493476
3.0,7.398174092970465,2,800,2.0,42,8,5.53338948872752,0,4.394449154672439,12.06105265381003
3.6923076923076925,7.175489713624222,2,1306,3.0,4,4,4.912654885736052,1,3.5553480614894135,12.185875040240456
3.6923076923076925,7.753623546559746,2,1475,3.5,18,18,4.605170185988092,1,4.465908118654584,12.47717172708952
4.0,7.83399634170946,2,2524,3.5,28,28,0.0,1,4.394449154672439,12.535379989788607
2.1538461538461537,7.458186157340487,2,0,2.0,54,54,0.0,1,4.182050142641207,11.846543632608535
4.538461538461538,7.9617188159813645,3,1992,3.5,1,0,5.342334251964811,1,4.454347296253507,13.229569788348705
2.769230769230769,6.898714534329988,2,990,1.5,14,13,0.0,0,4.060443010546419,11.884495917930655
2.3846153846153846,7.4798641311650265,2,0,1.0,49,3,4.330733340286331,1,4.61512051684126,11.652696102959753
2.230769230769231,6.836259277277067,1,0,1.0,64,4,0.0,0,4.110873864173311,11.349241150793087
3.5384615384615383,7.172424577124845,2,1302,2.0,0,0,0.0,0,4.304065093204169,12.080996832096167
3.8461538461538463,7.183111701743281,2,1316,2.0,0,0,0.0,1,4.6443908991413725,12.206782393599413
3.0,7.589841512182657,2,816,2.0,43,29,5.60947179518496,1,4.61512051684126,12.013706813470414
2.923076923076923,7.3310603052186325,1,1216,1.0,53,8,4.983606621708336,1,4.23410650459726,11.881041706925902
4.0,7.595889917718538,2,1065,3.5,4,4,5.351858133476067,1,4.51085950651685,12.449022745701502
3.1538461538461537,7.329093736246591,2,1193,2.5,32,32,5.081404364984463,1,4.653960350157523,12.100717685412471
3.8461538461538463,7.21890970761906,2,1364,3.0,1,1,5.484796933490655,1,3.784189633918261,12.13270055639427
3.8461538461538463,7.523481312573497,2,973,2.5,15,15,0.0,1,4.5217885770490405,12.421188057397055
4.769230769230769,7.68937110752969,3,1104,3.5,1,1,5.043425116919247,1,4.574710978503383,12.721888795877375
3.076923076923077,7.596894438144544,2,854,1.5,75,57,6.175867270105761,1,4.31748811353631,12.301387370778713
3.6923076923076925,7.199678345691172,2,1338,3.0,9,9,0.0,0,3.7376696182833684,12.271396795480596
2.076923076923077,6.796823718274855,3,894,1.0,73,58,0.0,0,4.795790545596741,11.302216779257382
2.6153846153846154,7.757051142032013,2,662,2.0,107,57,0.0,0,4.454347296253507,11.407576060361786
3.3076923076923075,7.00669522683704,2,1103,1.0,81,26,0.0,1,3.9318256327243257,11.612779849672751
2.6923076923076925,7.051855622955894,2,1154,1.5,43,43,5.303304908059076,1,4.304065093204169,11.944714374881176
3.6923076923076925,7.72356247227797,2,1306,3.5,14,13,0.0,0,4.394449154672439,12.700771936142122
3.3846153846153846,7.360103972989152,2,799,2.5,16,15,0.0,1,4.0943445622221,12.08954444723597
2.769230769230769,7.385230923066573,2,780,2.5,44,44,5.8888779583328805,0,4.394449154672439,12.031129798974042
3.230769230769231,7.8328075165248645,2,942,3.5,33,33,0.0,1,3.7612001156935624,11.927687224983487
2.8461538461538463,6.795705775173515,2,845,1.5,58,4,0.0,0,4.110873864173311,11.813037464800539
2.6153846153846154,6.955592608396297,1,1048,2.0,51,51,4.795790545596741,0,4.290459441148391,11.813037464800539
2.769230769230769,7.350516171833998,2,727,1.5,41,41,0.0,0,4.3694478524670215,11.944714374881176
2.6923076923076925,7.284134806195205,1,810,2.5,58,56,0.0,1,3.9318256327243257,11.424105180165641
2.769230769230769,7.2633296174768365,2,690,1.5,32,32,4.948759890378168,0,4.330733340286331,11.979805470779858
3.5384615384615383,7.123672785204607,3,1240,2.0,1,1,0.0,0,4.31748811353631,12.175618592671356
3.230769230769231,7.462214939768189,1,800,1.5,67,23,0.0,2,4.330733340286331,12.299112067295642
2.923076923076923,7.2909747781429814,2,796,2.5,70,17,0.0,1,4.110873864173311,12.04355959836804
2.6153846153846154,7.00033446027523,1,1096,2.0,37,37,0.0,0,4.304065093204169,11.840796531639839
3.6923076923076925,6.744059186311348,2,848,2.0,2,2,5.135798437050262,1,3.6375861597263857,11.956976469393481
2.769230769230769,6.898714534329988,1,990,1.0,13,13,0.0,0,4.189654742026425,11.744045122410057
3.230769230769231,7.138073034044347,2,1258,2.5,37,4,4.976733742420574,0,4.394449154672439,11.884495917930655
2.6153846153846154,6.947937068614969,1,1040,2.5,47,47,0.0,0,4.330733340286331,11.798111925972618
3.8461538461538463,7.286191714702382,2,1459,2.0,5,5,4.61512051684126,1,4.2626798770413155,12.165255859329688
3.076923076923077,7.132497551660044,1,1251,2.0,42,42,6.054439346269371,2,4.394449154672439,11.982935344196433
3.1538461538461537,7.312553498102598,2,691,2.5,11,10,0.0,1,4.189654742026425,12.141539457711714
3.1538461538461537,6.904750769961838,2,936,2.0,18,18,0.0,0,4.304065093204169,11.898194668458823
2.4615384615384617,6.996681488176539,1,546,1.5,37,37,0.0,0,3.091042453358316,11.332613886815139
4.0,7.577633832602728,3,1082,2.5,4,3,0.0,1,4.454347296253507,12.437188334739655
3.5384615384615383,7.444248649496705,2,970,2.0,2,2,3.9318256327243257,0,3.2188758248682006,11.83138646878959
4.0,7.129297548929373,2,1247,2.5,1,1,0.0,1,3.6375861597263857,12.190964083849375
1.8461538461538463,6.947937068614969,2,0,2.0,59,59,0.0,0,4.110873864173311,11.439289689006644
3.5384615384615383,7.133295954896068,2,600,3.5,9,8,5.3612921657094255,0,3.2188758248682006,11.982935344196433
3.076923076923077,7.43543801981455,2,1181,2.0,83,58,0.0,1,4.110873864173311,11.824087219587643
2.8461538461538463,7.0909098220799835,2,864,2.5,41,8,5.117993812416755,0,4.276666119016055,11.891368749982085
2.6153846153846154,6.842683282238422,1,936,2.0,54,10,0.0,0,4.31748811353631,11.767575435251748
3.6923076923076925,7.181591944611865,2,1314,2.0,1,1,0.0,1,4.3694478524670215,12.080696479888445
3.0,7.212294468500341,0,684,1.5,93,1,0.0,0,4.110873864173311,11.751950239425476
3.6923076923076925,6.9930151229329605,2,1074,1.5,21,21,0.0,0,4.135166556742356,12.04355959836804
2.4615384615384617,7.1891677384203225,1,672,1.0,73,59,0.0,0,3.9318256327243257,11.759793355371237
3.3076923076923075,7.379008127628304,2,1271,2.0,31,31,5.332718793265369,1,4.418840607796598,11.964007453736912
1.9230769230769231,6.0844994130751715,1,290,1.0,89,59,0.0,0,4.110873864173311,11.002116507732017
2.6153846153846154,6.85751406254539,1,950,1.0,36,36,0.0,0,4.127134385045092,11.691080018519527
2.6153846153846154,7.034387929915503,1,1010,1.0,47,5,3.828641396489095,0,4.2626798770413155,11.813037464800539
2.923076923076923,7.085901464365611,2,655,1.5,47,47,0.0,1,4.382026634673881,11.979805470779858
2.6153846153846154,7.172424577124845,2,630,2.5,37,37,5.720311776607412,0,3.2188758248682006,11.571203807011969
4.076923076923077,7.872073979866873,2,1463,3.5,16,15,5.8944028342648505,2,4.59511985013459,12.691583538230217
3.769230769230769,7.274479558773871,2,910,3.0,17,16,0.0,1,4.74493212836325,12.100161978566867
4.0,7.611842399580417,2,868,2.5,0,0,0.0,1,5.1298987149230735,12.52352951631214
3.1538461538461537,7.43307534889858,2,924,2.5,7,7,0.0,1,4.189654742026425,12.10625783509458
4.153846153846154,7.515889085215125,3,1836,3.0,5,4,3.7612001156935624,1,4.68213122712422,12.54254845357358
3.1538461538461537,7.413970290190444,2,773,3.5,13,12,0.0,1,4.189654742026425,12.144202560946876
3.230769230769231,7.583247524303362,2,803,2.5,32,32,6.493753839851687,1,4.394449154672439,12.230770136157428
2.6153846153846154,6.705639094860003,1,816,2.0,49,49,0.0,0,4.304065093204169,11.774527900858468
2.8461538461538463,6.9167150203536085,1,1008,2.0,54,1,0.0,0,4.204692619390966,11.80932691294063
2.8461538461538463,6.726233402358747,1,833,1.0,52,6,0.0,0,4.51085950651685,11.669937760751914
4.384615384615385,7.45876269238096,3,1734,3.0,0,0,5.796057750765372,1,4.543294782270004,12.669809806411457
3.923076923076923,7.258412150595307,2,408,3.5,7,7,0.0,1,4.189654742026425,12.123239799036943
2.8461538461538463,6.796823718274855,2,894,2.0,41,5,0.0,0,4.060443010546419,11.775297421715827
2.6153846153846154,7.379008127628304,1,533,1.5,50,21,0.0,0,4.454347296253507,11.849404844423074
2.6153846153846154,6.947937068614969,1,1040,1.0,47,47,0.0,0,4.2626798770413155,11.803361242493628
3.076923076923077,6.920671504248683,1,1012,1.0,87,57,0.0,1,4.0943445622221,11.681832447342321
3.5384615384615383,7.347943823148687,3,1552,2.0,1,0,5.2832037287379885,0,4.442651256490317,12.268582547911404
2.4615384615384617,6.8679744089702925,1,672,1.0,53,53,0.0,0,4.182050142641207,11.626263078808801
2.6153846153846154,6.54965074223381,0,698,1.5,62,1,0.0,0,3.9318256327243257,11.678448377988165
3.5384615384615383,7.301822342137932,2,384,2.5,15,15,5.14166355650266,1,4.189654742026425,12.007017865994577
2.4615384615384617,6.913737350659685,2,1005,1.0,54,54,0.0,1,4.110873864173311,11.652696102959753
3.769230769230769,7.349873704738337,3,1373,2.0,2,2,4.875197323201151,1,3.9889840465642745,12.066816325306588
3.8461538461538463,7.333676395657684,3,1530,3.0,3,3,0.0,1,5.209486152841421,12.464587201678082
3.8461538461538463,7.580699752224563,2,847,2.5,3,2,0.0,1,4.0943445622221,12.278397958261774
2.769230769230769,6.842683282238422,2,936,2.0,27,27,5.198497031265826,0,4.110873864173311,11.849404844423074
2.923076923076923,7.591861714889934,2,1122,3.0,81,59,0.0,2,4.189654742026425,11.813037464800539
2.769230769230769,6.882437470997847,0,974,1.0,16,15,0.0,0,4.1588830833596715,11.44572741040675
2.5384615384615383,7.701200180857446,1,1008,2.0,127,57,0.0,0,4.51085950651685,11.674202123168433
3.923076923076923,7.611347717403621,2,1128,2.5,14,14,0.0,1,4.394449154672439,12.386312871189734
3.1538461538461537,7.3783837129967145,2,916,2.5,10,10,0.0,1,4.060443010546419,12.037659911047468
3.076923076923077,6.894670039433482,1,960,1.0,81,57,0.0,1,4.110873864173311,11.532737896139919
2.769230769230769,7.133295954896068,1,1032,1.0,58,58,0.0,0,4.394449154672439,11.686887175419702
2.6153846153846154,6.928537818164665,0,780,1.0,135,14,0.0,0,4.007333185232471,11.451060699493427
3.230769230769231,7.357556200910353,2,1567,3.0,32,32,0.0,2,4.304065093204169,12.185875040240456
2.923076923076923,7.0630481633881725,2,915,1.0,87,57,0.0,1,4.59511985013459,11.87757552297847
2.6153846153846154,6.859614903654202,2,952,2.0,57,57,0.0,0,4.110873864173311,11.842236406331555
3.076923076923077,7.533158807455563,2,780,3.5,33,33,3.8066624897703196,1,4.394449154672439,12.193498926601634
4.076923076923077,7.947678571301568,3,1466,4.0,1,0,5.831882477283517,1,4.356708826689592,12.959540872420414
2.6153846153846154,6.914730892718563,0,1006,1.0,49,49,0.0,0,4.276666119016055,11.289794413577894
2.3846153846153846,6.829793737512425,1,672,2.0,69,60,0.0,0,4.110873864173311,11.289794413577894
2.923076923076923,7.3632795869630385,1,1042,1.0,78,56,0.0,1,3.970291913552122,11.91170829631447
3.6153846153846154,7.1693500166706,2,1298,3.0,21,21,4.454347296253507,1,4.212127597878484,12.100717685412471
3.0,7.355641102974253,1,704,1.5,68,59,0.0,1,4.330733340286331,12.069685751267224
3.230769230769231,7.013915474810528,1,572,1.0,82,58,0.0,1,4.110873864173311,11.669082701743504
2.923076923076923,7.301822342137932,2,650,1.5,89,21,0.0,0,3.9318256327243257,11.870606902224587
3.3076923076923075,6.838405200847344,1,932,1.0,57,57,0.0,1,4.060443010546419,11.728044909070785
2.6923076923076925,7.2909747781429814,2,1466,1.5,47,47,4.890349128221754,2,4.90527477843843,11.917730355182513
3.5384615384615383,7.502186486602925,2,1073,1.0,50,2,0.0,1,4.51085950651685,12.345838935721968
3.0,6.705639094860003,1,816,1.0,78,1,0.0,0,4.110873864173311,11.699413330633599
3.4615384615384617,7.507141079727608,2,864,2.0,43,20,5.666426688112432,2,4.304065093204169,12.215037342290755
3.3846153846153846,7.271008538280992,2,1437,3.0,31,3,0.0,1,4.51085950651685,12.292254928916668
3.1538461538461537,7.143617602704121,2,1219,2.5,43,9,0.0,1,4.454347296253507,12.100161978566867
3.8461538461538463,7.181591944611865,2,1314,3.0,2,1,5.117993812416755,1,3.5553480614894135,12.345838935721968
3.6923076923076925,7.3658128372094716,3,1580,2.0,1,0,5.231108616854587,0,4.532599493153256,12.367889578686164
3.4615384615384617,7.537430036586509,2,901,2.5,34,34,5.602118820879701,1,4.343805421853684,12.128116509451258
3.1538461538461537,7.284134806195205,2,855,2.5,32,32,0.0,1,3.2188758248682006,11.891368749982085
3.5384615384615383,7.403061091090091,2,1296,2.0,54,2,4.290459441148391,1,4.31748811353631,12.319405795112926
2.8461538461538463,6.796823718274855,2,894,1.0,39,39,0.0,1,4.700480365792417,11.767575435251748
2.6153846153846154,7.138073034044347,2,1198,3.0,39,39,0.0,0,4.110873864173311,11.59873612138334
3.230769230769231,7.267525427828172,2,1360,2.5,29,29,0.0,1,4.23410650459726,12.175618592671356
3.5384615384615383,7.315218389752975,2,1502,2.0,0,0,5.594711379601839,0,4.382026634673881,12.359527368950229
3.6923076923076925,7.43543801981455,3,1694,2.0,2,2,4.290459441148391,0,4.174387269895637,12.41044511731981
3.1538461538461537,7.421775793644647,2,959,3.5,6,6,0.0,1,4.07753744390572,12.06105265381003
3.230769230769231,7.653969180478774,2,1127,2.0,73,22,0.0,2,4.795790545596741,12.367345048436391
4.384615384615385,8.196436811235028,3,1930,4.5,11,10,7.229113877793302,1,4.77912349311153,13.345508528717259
2.8461538461538463,7.020190708311925,1,1096,2.0,31,31,0.0,1,4.343805421853684,12.049424683420915
3.0,7.140453043101158,2,1261,2.0,50,50,0.0,1,4.343805421853684,12.001511614739405
3.5384615384615383,7.1316985104669115,2,625,2.5,2,1,0.0,0,3.58351893845611,12.05467400868968
3.3846153846153846,8.034955024502159,0,1598,3.0,61,13,0.0,1,4.9344739331306915,12.208574513247495
3.230769230769231,7.76046702921342,2,952,2.5,74,56,0.0,1,4.394449154672439,12.384223015005313
3.923076923076923,7.96311205897929,2,1683,2.5,15,7,5.823045895483019,1,4.454347296253507,12.560247968016562
2.6153846153846154,6.828712071641684,1,876,2.0,24,23,0.0,0,3.6375861597263857,11.691080018519527
2.769230769230769,7.110696122978827,1,818,1.0,83,5,0.0,0,4.110873864173311,11.652696102959753
2.923076923076923,7.203405521083095,1,731,1.5,88,59,0.0,1,4.007333185232471,11.950541482162043
2.4615384615384617,7.025538314638521,0,0,1.0,52,52,0.0,1,4.356708826689592,11.440365524765756
3.076923076923077,7.83002808253384,2,1216,2.5,16,15,0.0,0,4.454347296253507,12.429220196836383
4.384615384615385,7.410347097821024,2,1600,3.5,0,0,5.231108616854587,1,4.174387269895637,12.880294363972055
4.615384615384615,8.406708458240965,3,2396,4.5,11,11,0.0,2,5.081404364984463,13.521140839642674
2.923076923076923,7.030857476116121,2,1120,2.0,86,56,0.0,1,4.110873864173311,11.695255355062795
2.8461538461538463,7.360739903058278,3,1572,2.5,44,44,5.424950017481403,2,3.9318256327243257,12.137263685701864
2.6153846153846154,7.108244139731541,1,784,2.0,82,56,0.0,0,4.110873864173311,11.560772327227417
2.1538461538461537,7.438383530044307,2,978,3.0,109,39,0.0,0,4.68213122712422,11.461642696843066
3.8461538461538463,7.393263094763838,3,1624,3.0,12,11,0.0,1,4.499809670330265,12.476103599529843
3.5384615384615383,7.415175109613295,2,831,2.5,7,7,4.564348191467836,0,4.23410650459726,12.180759965737863
3.3846153846153846,7.498315870766981,2,994,2.5,11,11,0.0,1,4.110873864173311,12.149507585033072
2.6923076923076925,7.392031567514591,4,1249,2.0,46,32,5.0106352940962555,1,4.304065093204169,12.031725210748633
3.6923076923076925,7.273786317844895,2,776,2.5,8,7,6.124683390894205,0,3.2188758248682006,12.066816325306588
2.8461538461538463,7.29505641646263,1,702,1.0,82,13,0.0,0,4.110873864173311,11.736077016252437
3.076923076923077,7.110696122978827,2,1224,3.0,10,10,6.054439346269371,0,4.304065093204169,12.013706813470414
2.769230769230769,7.210079628170788,1,663,1.5,41,41,4.969813299576001,0,4.394449154672439,11.970356641102999
3.1538461538461537,7.284134806195205,2,728,2.5,3,3,0.0,0,3.9512437185814275,12.07824495582233
3.8461538461538463,7.530479995245536,3,879,2.5,0,0,0.0,1,4.07753744390572,12.29779001527865
3.230769230769231,7.43307534889858,1,815,1.0,90,56,0.0,1,4.189654742026425,11.87757552297847
3.5384615384615383,7.10085190894405,2,1212,2.0,8,8,0.0,0,4.2626798770413155,12.08954444723597
2.5384615384615383,7.232010331664759,2,1051,1.5,43,27,3.9512437185814275,1,4.330733340286331,11.904974309480181
2.4615384615384617,6.762729506931879,1,864,1.0,36,36,0.0,0,4.276666119016055,11.6617850286409
3.3076923076923075,7.484368643286131,2,866,2.5,11,11,0.0,0,4.394449154672439,12.19552218463499
2.769230769230769,7.207118856207756,1,884,2.0,84,12,0.0,1,3.9318256327243257,11.669937760751914
3.769230769230769,7.396948602621014,2,1630,2.0,9,8,5.147494476813453,1,4.330733340286331,12.269052139516223
2.769230769230769,6.980075940561763,2,1056,2.5,31,31,0.0,0,4.3694478524670215,11.941462360646149
3.769230769230769,7.69484807238461,3,2158,2.0,19,18,5.459585514144159,1,4.51085950651685,12.513193308436527
2.4615384615384617,6.963189985870238,1,1056,2.0,40,40,0.0,0,4.212127597878484,11.580593459194764
3.3846153846153846,7.438971592395862,2,1682,3.0,3,3,4.795790545596741,0,4.2626798770413155,12.206077645517674
2.6153846153846154,7.157735484249907,2,931,2.0,46,28,0.0,0,4.2626798770413155,11.849404844423074
4.153846153846154,7.415175109613295,2,1660,3.0,0,0,6.042632833682381,1,4.454347296253507,12.577639650232573
3.6153846153846154,7.520776415062797,2,1055,2.5,18,18,0.0,1,4.2626798770413155,12.149507585033072
3.4615384615384617,7.469083884921234,2,559,2.0,22,5,0.0,0,5.030437921392435,12.00762780434872
2.4615384615384617,6.511745329644728,1,672,2.0,68,59,0.0,0,3.9318256327243257,11.635151947212842
2.4615384615384617,6.8679744089702925,1,648,1.5,41,5,0.0,0,4.276666119016055,11.884495917930655
2.6153846153846154,6.907755278982137,1,925,2.0,44,44,0.0,0,4.248495242049359,11.80932691294063
2.6153846153846154,6.796823718274855,1,894,1.0,41,41,0.0,0,4.605170185988092,11.736077016252437
2.3076923076923075,7.551186867296149,2,0,2.0,32,32,0.0,0,4.23410650459726,11.626263078808801
3.6923076923076925,7.181591944611865,2,1300,3.0,0,0,4.290459441148391,0,4.290459441148391,12.343470927093518
2.0,6.816735880594968,0,0,1.0,59,56,0.0,0,3.970291913552122,11.296024885689746
2.769230769230769,7.105786129481271,0,672,1.5,35,35,5.4680601411351315,0,3.091042453358316,11.424105180165641
2.6153846153846154,6.816735880594968,1,912,1.0,42,42,0.0,0,4.204692619390966,11.652696102959753
2.8461538461538463,7.10002716662926,1,952,1.0,40,40,0.0,1,4.02535169073515,11.80560254159177
3.076923076923077,7.52131798019924,1,1040,2.0,58,57,5.771441123130016,1,4.3694478524670215,11.870606902224587
2.6153846153846154,7.667158255319148,2,2136,2.0,55,55,3.8066624897703196,0,4.499809670330265,11.834291315386718
3.8461538461538463,7.307202314764738,2,788,3.5,4,3,0.0,1,4.110873864173311,12.122696471358964
2.769230769230769,7.037905963447182,1,588,1.5,49,49,4.1588830833596715,0,4.189654742026425,11.884495917930655
3.6923076923076925,7.56734567601324,3,894,2.5,1,1,4.31748811353631,1,4.465908118654584,12.273735966890268
2.8461538461538463,6.816735880594968,2,912,2.0,43,0,5.707110264748875,0,4.290459441148391,11.898194668458823
4.769230769230769,7.440146680662688,3,1702,2.5,0,0,6.642486801367256,1,4.189654742026425,12.813920618864572
2.6153846153846154,7.318539548567902,1,1075,2.0,48,48,0.0,0,4.2626798770413155,11.751950239425476
3.0,7.8713112033234065,2,1361,3.0,30,30,0.6931471805599453,1,4.276666119016055,12.154784614286667
2.6153846153846154,7.0825485693553,2,1106,2.0,44,44,4.795790545596741,0,4.2626798770413155,11.794345471549745
2.0,7.110696122978827,2,0,2.0,45,45,0.0,0,4.2626798770413155,11.530775206233024
2.6153846153846154,7.080867896690782,2,1188,2.0,51,51,5.198497031265826,0,4.304065093204169,11.863589378812122
2.6153846153846154,7.583247524303362,0,940,1.5,97,58,0.0,0,4.02535169073515,11.775297421715827
2.769230769230769,7.487173694213739,1,747,1.5,92,56,0.0,0,4.574710978503383,11.841423131921784
3.5384615384615383,7.394493107219038,2,764,2.5,7,7,4.672828834461906,0,3.6109179126442243,12.075400019877522
3.8461538461538463,7.575071699507561,2,847,2.5,2,1,0.0,1,3.7376696182833684,12.180759965737863
3.1538461538461537,7.040536390215956,2,1141,1.5,1,1,0.0,0,4.1588830833596715,11.86710429621008
4.230769230769231,7.3031700512368,2,1476,2.0,1,1,3.4965075614664802,1,4.174387269895637,12.490879338036375
3.5384615384615383,7.478169694159785,2,884,3.5,5,5,5.53338948872752,0,4.189654742026425,12.323415584358154
3.5384615384615383,7.432483807917119,3,1689,2.0,0,0,0.0,0,4.430816798843313,12.42250975887691
3.5384615384615383,7.068172000388042,2,1053,3.0,36,36,4.406719247264253,2,4.454347296253507,12.04355959836804
4.923076923076923,7.638679823876112,3,2076,3.5,0,0,0.0,1,4.68213122712422,13.049794835104816
3.769230769230769,7.325148957955575,2,792,1.0,77,56,0.0,2,4.31748811353631,12.345838935721968
3.1538461538461537,7.533158807455563,2,585,3.5,23,4,4.31748811353631,1,4.3694478524670215,12.08954444723597
3.5384615384615383,7.348587530927593,2,756,2.5,1,0,0.0,0,4.189654742026425,12.136191879981927
2.769230769230769,6.942156705699469,3,1012,2.0,34,34,5.817111159963204,0,4.304065093204169,12.042971193457888
3.230769230769231,7.629975707027789,2,735,1.5,91,58,0.0,1,4.110873864173311,11.771443882099637
2.6153846153846154,6.8966943316227125,1,876,1.0,57,57,0.0,0,4.110873864173311,11.686887175419702
3.8461538461538463,7.65491704784832,2,2110,3.5,42,42,0.0,2,4.543294782270004,12.404927602627597
3.8461538461538463,7.2485040723706105,2,1405,2.0,3,3,5.099866427824199,1,4.4942386252808095,12.053801032483948
2.6153846153846154,6.774223886357614,1,864,2.0,41,41,0.0,0,4.143134726391533,11.775297421715827
3.6923076923076925,7.681560362559537,2,1192,3.5,33,4,0.0,2,4.23410650459726,12.591338447675579
3.8461538461538463,7.4127640174265625,2,746,2.5,5,4,4.532599493153256,1,4.110873864173311,12.016128107502665
3.076923076923077,7.221105098182496,1,884,1.0,76,57,0.0,1,3.970291913552122,11.755879486687116
3.923076923076923,7.59488438721652,2,1986,3.0,14,14,6.318968113746434,1,4.5217885770490405,12.616528611893463
2.4615384615384617,6.762729506931879,0,864,1.0,87,59,0.0,0,4.04305126783455,11.511934974596555
3.5384615384615383,7.062191632286556,2,856,3.0,3,3,5.209486152841421,0,4.0943445622221,12.154784614286667
2.923076923076923,6.961296045910167,2,1054,2.5,39,39,0.0,0,4.189654742026425,11.92504173829169
3.1538461538461537,7.424165281042028,2,841,2.5,10,10,0.0,1,4.189654742026425,12.10625783509458
2.6153846153846154,6.957497370876951,1,1050,1.0,53,53,0.0,0,4.394449154672439,11.766799946849087
2.6923076923076925,7.489412083508719,1,1104,2.0,52,20,0.0,2,4.394449154672439,11.992266613576142
3.076923076923077,7.509335266016592,2,764,1.0,88,57,0.0,1,4.110873864173311,12.103491596905931
3.3846153846153846,7.198931240688173,2,1405,3.0,10,9,0.0,0,3.5553480614894135,12.10625783509458
3.5384615384615383,7.2813856635702825,2,691,3.5,7,7,5.389071729816501,0,3.58351893845611,12.12215284831553
3.0,7.5443321080536885,1,925,1.5,97,57,0.0,1,4.110873864173311,11.711784520403112
4.769230769230769,7.610357618312838,3,2002,2.0,2,1,0.0,1,4.499809670330265,12.843973993864076
3.6153846153846154,8.145549631783584,3,728,3.5,73,11,6.450470422144176,2,4.31748811353631,12.850557278777309
2.6153846153846154,7.329749689041512,1,874,1.5,49,49,5.198497031265826,0,4.3694478524670215,11.87757552297847
3.769230769230769,7.329749689041512,2,1332,2.5,31,31,0.0,1,4.394449154672439,12.468440756144114
3.3076923076923075,7.306531398939505,2,1489,2.0,41,41,0.0,1,4.394449154672439,12.132162346145595
2.6153846153846154,6.8416154764775925,1,935,2.0,41,41,4.74493212836325,0,4.276666119016055,11.827743504053695
3.5384615384615383,7.213768308118642,1,1019,2.0,49,2,4.442651256490317,1,4.8283137373023015,12.083910661257521
2.923076923076923,7.1316985104669115,2,661,2.0,97,4,0.0,1,3.9889840465642745,11.842236406331555
2.6153846153846154,7.560601162768557,2,928,2.0,59,57,6.342121418721152,0,4.564348191467836,11.827743504053695
3.0,7.241366283322318,2,723,2.0,37,37,0.0,1,4.394449154672439,11.995357787034976
3.230769230769231,7.45298232946546,2,1680,2.5,42,33,5.886104031450156,1,4.394449154672439,12.19552218463499
4.0,7.616775808698373,2,1128,3.5,6,6,0.0,1,4.330733340286331,12.37581963951765
2.4615384615384617,7.029087564149662,2,698,1.0,90,60,0.0,0,4.110873864173311,11.133142723386813
3.5384615384615383,7.3613754289773485,2,1573,3.0,7,7,4.709530201312334,0,4.219507705176107,12.33270970174018
3.3076923076923075,7.200424892944957,2,1309,3.0,16,16,4.007333185232471,1,3.9318256327243257,12.100717685412471
3.0,6.947937068614969,2,1040,2.0,32,1,0.0,0,4.127134385045092,11.921725007667265
2.769230769230769,7.509335266016592,0,912,3.0,39,39,0.0,0,4.553876891600541,11.842236406331555
3.3076923076923075,7.803026643632217,1,804,2.0,91,20,0.0,1,3.9318256327243257,12.037659911047468
3.076923076923077,7.253470382684528,1,780,1.0,70,59,0.0,1,3.9318256327243257,11.794345471549745
3.076923076923077,7.192182058713246,2,1328,2.5,47,47,6.113682179832232,2,4.394449154672439,11.870606902224587
2.6153846153846154,7.367077059881012,2,1624,2.5,42,42,6.432940092739179,0,4.394449154672439,12.154784614286667
4.3076923076923075,7.414572881350589,2,1501,3.0,9,9,0.0,1,3.713572066704308,12.535379989788607
4.230769230769231,7.58629630715272,3,1085,2.5,0,0,6.670766320845874,1,4.465908118654584,12.546113507028412
2.923076923076923,7.050122520269059,2,1152,2.0,46,46,4.465908118654584,1,4.304065093204169,12.103491596905931
2.6153846153846154,7.172424577124845,1,630,2.5,37,37,5.594711379601839,0,3.091042453358316,11.691080018519527
2.6153846153846154,7.771910256435763,1,994,2.0,117,44,0.0,0,4.110873864173311,11.58525542883217
3.3076923076923075,7.417580402414544,2,832,2.5,30,30,0.0,1,4.3694478524670215,12.000897933306716
2.6153846153846154,6.762729506931879,2,864,2.0,51,16,0.0,0,4.110873864173311,11.652696102959753
2.6153846153846154,6.959398512133975,1,1052,2.5,38,38,5.1298987149230735,0,4.2626798770413155,11.83863282480007
2.6153846153846154,7.029087564149662,2,1120,3.0,45,45,5.003946305945459,0,4.394449154672439,11.951186847493476
2.923076923076923,6.9782137426306985,2,547,3.0,1,0,4.418840607796598,0,3.58351893845611,11.849404844423074
2.8461538461538463,7.1284959456800365,1,1246,2.5,51,16,0.0,0,4.330733340286331,11.944714374881176
3.769230769230769,7.592870287844818,2,978,2.5,10,10,5.84354441703136,1,4.189654742026425,12.323860125621126
3.3076923076923075,7.3098814858247865,1,771,1.0,67,59,0.0,2,4.31748811353631,12.086731521684555
3.923076923076923,7.834788107388194,3,1165,3.5,12,12,5.971261839790462,1,4.532599493153256,12.577639650232573
3.5384615384615383,7.388327859577107,3,1616,2.0,1,1,5.43372200355424,0,4.304065093204169,12.354496960983985
3.5384615384615383,7.443663683115591,2,976,2.0,2,2,4.770684624465665,0,3.4965075614664802,11.775297421715827
4.615384615384615,7.410347097821024,2,1652,3.0,3,2,5.707110264748875,2,4.6913478822291435,12.691583538230217
3.8461538461538463,7.221835825288449,2,1368,2.0,1,0,4.553876891600541,1,3.8918202981106265,12.218500103788143
2.769230769230769,6.898714534329988,2,990,2.0,15,14,0.0,0,4.110873864173311,11.835016210489899
2.8461538461538463,7.023758954738443,2,924,2.0,60,3,0.0,0,4.61512051684126,11.898194668458823
3.1538461538461537,7.166265974133638,2,1278,3.0,17,17,4.48863636973214,0,4.212127597878484,12.09626335986454
4.0,7.551186867296149,2,1902,3.0,51,8,0.0,2,4.61512051684126,12.721888795877375
3.5384615384615383,7.150701457592526,2,1274,3.0,2,0,4.394449154672439,0,4.23410650459726,12.220966184120165
4.230769230769231,7.941295570906532,2,1453,2.5,17,17,5.820082930352362,1,4.5217885770490405,12.618185607609803
4.076923076923077,7.8632667240095735,3,1393,2.5,11,11,5.111987788356544,1,4.6913478822291435,12.716405147731708
2.6923076923076925,6.855408798609928,1,948,2.0,53,53,0.0,1,4.110873864173311,11.686887175419702
2.923076923076923,7.655864017616056,2,952,2.5,39,39,0.0,2,4.454347296253507,12.239995696974733
4.384615384615385,7.396948602621014,3,1622,3.0,1,1,5.602118820879701,1,4.127134385045092,12.596403811053621
4.0,7.210079628170788,2,1352,2.0,1,0,0.0,1,3.8712010109078907,12.249615734512616
3.923076923076923,7.488852955733459,3,1753,2.0,5,4,5.187385805840755,1,4.2626798770413155,12.524530013005734
2.4615384615384617,6.855408798609928,1,864,1.0,53,53,4.890349128221754,0,4.330733340286331,11.6172944892629
3.076923076923077,7.2991214627108,2,1478,2.5,52,52,0.0,2,4.2626798770413155,11.960817678718287
1.8461538461538463,6.580639137284949,1,0,1.0,59,58,0.0,0,3.970291913552122,11.19135563385109
3.769230769230769,7.562161631225652,2,750,3.5,18,18,0.0,1,4.68213122712422,12.154784614286667
2.0,6.5638555265321274,0,420,1.0,69,59,0.0,0,3.9318256327243257,11.320565693461432
4.153846153846154,7.493317248862145,3,1795,2.0,1,0,6.061456918928017,1,4.330733340286331,11.898194668458823
2.4615384615384617,6.680854678790215,0,796,1.0,86,58,0.0,0,3.713572066704308,10.915106645867503
2.5384615384615383,6.652863029353347,0,544,1.0,76,1,0.0,0,4.2626798770413155,11.277215789596893
3.4615384615384617,6.705639094860003,1,816,1.5,26,0,0.0,1,4.110873864173311,11.779136168550774
3.3846153846153846,7.934871565945176,2,1510,2.0,88,58,0.0,2,4.110873864173311,12.45293662970407
3.3076923076923075,7.398174092970465,2,935,2.5,8,8,0.0,1,4.1588830833596715,12.081081821061819
4.0,7.370860166536716,3,1588,2.0,1,1,6.018593214496234,1,4.454347296253507,12.33270970174018
2.6153846153846154,6.86171134048073,2,911,1.0,30,30,0.0,0,4.02535169073515,11.794345471549745
2.769230769230769,6.705639094860003,1,816,2.0,71,51,0.0,1,4.219507705176107,11.51293546492023
2.8461538461538463,7.215975002651466,1,803,1.5,68,11,0.0,0,4.110873864173311,11.74006900564972
2.6153846153846154,7.2196420401307355,2,765,1.5,39,39,5.746203190540153,0,3.2188758248682006,11.736077016252437
3.1538461538461537,7.19668657083435,2,1350,2.5,32,32,5.8888779583328805,1,4.394449154672439,12.031129798974042
2.6153846153846154,7.4127640174265625,2,1656,2.0,35,35,6.336825731146441,0,4.477336814478207,11.813037464800539
2.230769230769231,6.542471960506805,0,693,1.0,65,56,0.0,0,5.0369526024136295,10.868587496017359
3.5384615384615383,7.529406457837013,2,916,3.5,4,4,0.0,0,4.564348191467836,12.206077645517674
2.6153846153846154,6.762729506931879,1,864,1.0,34,34,0.0,0,4.795790545596741,11.763691965388299
2.4615384615384617,6.771935555839602,4,858,1.0,36,36,0.0,0,4.2626798770413155,11.719947764402807
3.1538461538461537,7.016609683894219,2,1114,2.0,5,4,0.0,0,4.204692619390966,11.951186847493476
4.0,7.682482446534506,2,1284,2.5,5,5,5.0106352940962555,1,4.2626798770413155,12.339295865674435
3.0,7.5569505720129,2,896,1.5,81,59,0.0,1,4.060443010546419,12.083910661257521
3.769230769230769,7.284134806195205,2,728,2.5,1,1,0.0,1,4.454347296253507,11.95655945119582
2.230769230769231,6.8679744089702925,1,960,1.0,87,57,0.0,0,3.9318256327243257,11.59451466851004
3.230769230769231,7.676473646389156,2,1568,2.0,38,3,0.0,1,4.394449154672439,12.47801017053037
4.153846153846154,7.482681828154651,3,1732,3.0,1,0,4.61512051684126,1,4.543294782270004,12.554840409959793
3.6923076923076925,7.3098814858247865,2,1482,3.0,9,9,0.0,1,4.212127597878484,12.278397958261774
3.076923076923077,7.765993079407675,0,684,2.0,136,21,0.0,0,3.9318256327243257,11.711784520403112
2.6153846153846154,7.876638460975463,4,1248,4.5,40,40,5.910796644040527,0,4.5217885770490405,12.206077645517674
3.076923076923077,7.448333860897476,2,858,1.5,46,46,5.765191102784844,1,4.2626798770413155,12.049424683420915
3.0,7.0707241072602764,2,698,1.0,72,9,0.0,0,3.9318256327243257,11.812296455066814
4.076923076923077,8.08301991917133,3,2033,3.5,15,14,6.363028103540465,1,4.04305126783455,12.923914877701906
3.769230769230769,7.531552381407289,3,992,3.5,8,8,0.0,1,4.2626798770413155,12.367345048436391
3.3846153846153846,7.560601162768557,2,570,3.0,38,14,4.969813299576001,1,4.634728988229636,12.04355959836804
2.6153846153846154,6.794586580876499,1,864,1.0,42,42,4.189654742026425,0,4.304065093204169,11.608244735642321
2.769230769230769,6.983789965258135,2,1078,2.5,39,2,0.0,1,4.304065093204169,11.917730355182513
3.3846153846153846,7.3613754289773485,2,756,2.5,10,10,5.37989735354046,0,4.310799125385514,12.086731521684555
4.538461538461538,7.591357046698551,3,1980,3.0,2,1,4.204692619390966,1,4.867534450455582,12.660331092405906
2.6153846153846154,7.86403565907245,2,612,3.5,87,10,0.0,0,3.9512437185814275,12.149507585033072
4.0,7.333676395657684,2,1530,3.0,4,4,2.833213344056216,1,4.8283137373023015,12.468440756144114
2.769230769230769,7.461065514354283,1,715,2.0,89,2,0.0,1,4.304065093204169,11.560772327227417
3.4615384615384617,7.253470382684528,2,616,2.5,1,0,0.0,1,4.304065093204169,11.963574241653713
3.5384615384615383,7.0909098220799835,2,600,2.5,1,1,0.0,0,3.4339872044851463,11.878630514504515
3.5384615384615383,7.423568444259167,2,814,3.5,10,10,0.0,0,4.310799125385514,12.283038316285214
3.5384615384615383,7.490529402060711,2,873,3.5,9,9,5.0689042022202315,0,4.23410650459726,12.170450649220749
2.8461538461538463,7.297091005160418,1,757,2.0,29,29,0.0,1,3.7376696182833684,11.751950239425476
3.3846153846153846,6.744059186311348,2,848,2.0,6,5,5.14166355650266,0,4.2626798770413155,11.87757552297847
3.923076923076923,7.419979923661835,2,1657,3.0,7,7,5.147494476813453,1,3.8918202981106265,12.354496960983985
2.230769230769231,7.226209010100671,1,840,1.0,89,59,0.0,0,4.51085950651685,11.561725152903833
3.230769230769231,7.415776975415394,1,992,2.0,53,12,0.0,1,4.394449154672439,12.016732516077072
3.5384615384615383,7.6487397889562425,2,1108,3.5,8,8,0.0,1,4.330733340286331,12.521981322562505
4.923076923076923,7.876258882303226,3,2633,3.5,6,5,6.559615237493242,2,4.5217885770490405,13.05301544288996
3.8461538461538463,7.580189417944541,3,1026,2.5,3,3,0.0,1,4.454347296253507,12.429220196836383
4.0,7.360103972989152,3,1571,2.0,0,0,4.394449154672439,1,4.499809670330265,12.384223015005313
2.923076923076923,6.673297967767654,1,768,1.0,78,58,0.0,0,3.970291913552122,11.418625774449598
2.6153846153846154,7.380879035564116,2,984,2.0,68,49,0.0,0,4.110873864173311,11.669937760751914
2.769230769230769,6.895682697747868,1,483,1.5,33,33,6.013715156042802,0,3.091042453358316,11.326607934898927
3.0,7.240649694255466,2,384,2.5,2,1,0.0,0,4.304065093204169,12.02874460037869
2.3076923076923075,6.762729506931879,1,864,2.0,96,60,0.0,0,3.828641396489095,10.97679912709094
3.076923076923077,7.658227526161352,2,1205,2.5,38,38,0.0,2,4.304065093204169,12.377927112974284
3.0,7.47477218239787,2,596,2.5,86,56,0.0,0,4.110873864173311,11.964007453736912
2.8461538461538463,7.256297239690681,2,816,2.0,89,0,0.0,0,4.276666119016055,11.626263078808801
2.769230769230769,7.138073034044347,1,560,1.0,70,59,0.0,0,4.110873864173311,11.561725152903833
2.6923076923076925,7.051855622955894,1,796,2.0,88,3,0.0,0,3.713572066704308,11.74006900564972
3.5384615384615383,7.932003152361385,2,1392,4.5,28,28,5.220355825078325,2,4.394449154672439,12.429220196836383
3.3076923076923075,7.834788107388194,1,714,2.0,91,57,0.0,1,4.110873864173311,11.820417517632333
4.769230769230769,7.465655310134056,3,1746,3.0,3,2,5.081404364984463,2,3.7612001156935624,12.84132849667433
3.076923076923077,7.105786129481271,2,735,1.5,66,57,0.0,1,4.110873864173311,11.782960235741939
3.5384615384615383,7.330405211844402,2,1525,3.0,6,6,5.501258210544727,0,4.2626798770413155,12.367345048436391
2.6153846153846154,7.368339686311381,3,1584,2.0,42,42,0.0,0,4.189654742026425,11.728044909070785
2.6923076923076925,6.803505257608338,1,864,2.0,39,39,0.0,1,4.23410650459726,11.719947764402807
2.8461538461538463,7.556427969440253,2,482,2.0,103,8,0.0,1,4.110873864173311,12.001511614739405
3.8461538461538463,7.313886831633462,3,1356,3.0,0,0,3.828641396489095,1,3.9889840465642745,12.415437707935368
4.0,7.817222785508166,3,1094,2.5,2,1,5.5053315359323625,1,4.48863636973214,12.546871224308068
2.8461538461538463,7.431299675155903,2,747,2.0,62,60,0.0,2,4.454347296253507,11.982935344196433
2.6153846153846154,7.322510433997394,1,939,1.5,87,3,0.0,0,3.9512437185814275,11.83138646878959
2.6153846153846154,7.552237287560802,1,1208,2.5,59,27,0.0,0,4.110873864173311,11.835016210489899
3.3076923076923075,7.3833681469923835,1,976,2.5,84,19,0.0,1,3.9512437185814275,11.831022768939789
3.076923076923077,7.055312843339752,1,862,1.0,79,58,0.0,1,3.9318256327243257,11.695255355062795
3.0,7.374001859350161,2,839,3.5,4,4,0.0,1,4.143134726391533,12.170450649220749
3.8461538461538463,7.166265974133638,2,1286,2.0,0,0,0.0,1,4.174387269895637,12.174994689959313
3.6923076923076925,7.289610521451167,3,1485,3.0,0,0,4.442651256490317,0,3.912023005428146,12.552930054797935
2.3076923076923075,7.102499355774649,3,672,1.0,91,56,0.0,0,4.110873864173311,11.561725152903833
4.153846153846154,7.4067107301776405,2,1594,3.5,4,3,5.1647859739235145,1,3.8066624897703196,12.524530013005734
2.769230769230769,6.645090969505644,2,768,2.0,37,2,0.0,0,4.2626798770413155,11.798111925972618
2.6153846153846154,6.726233402358747,0,833,2.0,24,24,0.0,0,4.304065093204169,11.626263078808801
2.3076923076923075,7.218176838403408,2,622,1.0,100,60,0.0,0,4.110873864173311,11.74006900564972
3.3076923076923075,7.646831391430482,2,791,2.5,22,17,4.820281565605037,1,3.8501476017100584,12.278397958261774
3.5384615384615383,7.518064181233078,2,944,3.5,8,8,0.0,0,4.382026634673881,12.345838935721968
2.769230769230769,7.419979923661835,1,856,1.5,59,4,0.0,0,4.394449154672439,11.849404844423074
2.0,6.947937068614969,2,0,2.0,60,59,0.0,0,4.110873864173311,11.407576060361786
4.0,7.520234556474628,2,1844,3.0,4,3,5.905361848054571,1,4.48863636973214,12.456835254920371
3.3076923076923075,7.522400231387125,2,833,1.5,85,8,0.0,1,4.174387269895637,12.240478903153711
3.769230769230769,7.358830898342354,3,1386,2.5,2,2,4.875197323201151,1,3.9512437185814275,12.077676615757813
2.4615384615384617,7.736743682453495,2,777,2.0,125,60,0.0,0,4.110873864173311,11.715874472198905
3.923076923076923,7.804251383528112,3,1284,3.5,11,11,6.595780513961311,1,4.5217885770490405,12.73670383776449
2.6153846153846154,7.0431599159883405,1,1144,2.5,45,45,0.0,0,4.276666119016055,11.728044909070785
3.4615384615384617,7.520234556474628,2,1844,3.0,37,37,5.746203190540153,1,4.31748811353631,12.314931534737134
3.0,7.256297239690681,2,708,2.5,38,38,6.042632833682381,1,4.51085950651685,12.100161978566867
3.076923076923077,6.975413927455952,2,1069,2.0,33,33,0.0,1,3.9889840465642745,11.755879486687116
3.3846153846153846,6.744059186311348,2,848,2.0,5,5,5.14166355650266,0,3.6375861597263857,11.824087219587643
3.6923076923076925,7.697121317282625,2,697,2.0,40,40,0.0,1,4.182050142641207,12.524420916542532
2.8461538461538463,7.20414929203594,1,1024,2.0,49,24,0.0,1,4.304065093204169,11.87757552297847
3.230769230769231,7.133295954896068,2,1252,1.0,49,49,5.497168225293202,0,4.394449154672439,11.863589378812122
3.769230769230769,7.662937850461535,2,1223,3.5,14,14,6.1070228877422545,2,4.406719247264253,12.509877789891931
2.8461538461538463,7.351799869057777,1,913,2.5,63,58,0.0,1,4.110873864173311,11.849404844423074
3.1538461538461537,6.690842277418564,1,788,2.0,70,18,5.68697535633982,2,4.110873864173311,11.686887175419702
3.6153846153846154,7.273092595999522,2,1440,2.0,26,26,5.739792912179234,1,4.394449154672439,12.116700301832573
3.3076923076923075,7.516977224604321,2,732,2.5,1,1,0.0,1,4.110873864173311,12.165984756488543
2.923076923076923,6.8658910748834385,2,958,2.0,33,33,0.0,0,3.2188758248682006,11.87583791515714
2.4615384615384617,6.876264611890766,1,656,2.0,80,0,0.0,0,4.110873864173311,11.07443600653965
3.1538461538461537,7.491645473605133,2,936,3.5,8,8,5.765191102784844,1,4.543294782270004,12.136191879981927
2.923076923076923,7.027314514039777,2,1126,3.0,29,29,0.0,1,4.394449154672439,11.982935344196433
3.5384615384615383,7.338238150065589,2,1319,2.5,46,3,5.472270673671475,1,4.394449154672439,12.066816325306588
2.4615384615384617,6.762729506931879,2,864,1.0,36,36,0.0,0,4.110873864173311,11.699413330633599
4.615384615384615,7.566828479208331,3,1932,3.0,0,0,6.056784013228625,1,4.574710978503383,12.885673487343764
2.769230769230769,7.1204443723924875,2,912,2.0,53,14,0.0,0,4.51085950651685,11.916395250412128
3.1538461538461537,7.453561871643373,2,539,2.5,28,28,4.574710978503383,1,4.394449154672439,12.190964083849375
3.3846153846153846,7.846198815497425,2,588,2.0,86,14,0.0,1,4.382026634673881,12.160033942617156
3.6153846153846154,6.744059186311348,2,848,2.0,4,4,4.997212273764115,1,4.2626798770413155,11.913719681428494
5.0,7.60489448081162,3,1017,3.5,1,1,5.081404364984463,1,4.454347296253507,12.644330802262578
2.8461538461538463,6.859614903654202,1,952,1.0,93,59,0.0,1,3.970291913552122,11.703554089007538
3.5384615384615383,7.260522598089852,2,1422,2.0,3,3,4.672828834461906,0,4.1588830833596715,12.098493002763465
2.769230769230769,6.81783057145415,1,814,2.0,41,41,0.0,0,4.2626798770413155,11.767575435251748
2.6153846153846154,7.080867896690782,1,1188,1.0,48,48,5.247024072160486,0,4.304065093204169,11.969723533345908
3.923076923076923,7.645397699428633,2,1220,3.5,12,11,6.0844994130751715,1,4.394449154672439,12.388398368982115
2.3076923076923075,7.205635176410364,1,560,1.5,97,7,0.0,0,4.2626798770413155,11.626263078808801
3.230769230769231,6.447305862541213,0,630,2.0,36,36,0.0,0,3.091042453358316,11.429554725537322
2.769230769230769,7.491645473605133,0,896,3.0,35,35,0.0,0,4.110873864173311,11.820417517632333
4.230769230769231,7.364547014255642,3,1573,2.0,1,0,5.272999558563747,1,4.3694478524670215,12.567554517655415
2.769230769230769,6.9782137426306985,2,547,2.0,1,1,4.394449154672439,0,3.58351893845611,11.884495917930655
2.769230769230769,7.039660349862076,0,1140,1.0,0,0,0.0,0,4.51085950651685,11.344518647594766
3.5384615384615383,7.108244139731541,2,1221,3.0,5,4,0.0,0,4.143134726391533,12.128116509451258
3.1538461538461537,7.4073177104694174,2,953,2.5,8,7,0.0,1,4.143134726391533,12.07254696717504
3.1538461538461537,7.637234388789473,2,1542,3.0,32,22,4.787491742782046,2,4.454347296253507,12.25486757159303
3.923076923076923,7.75833346749091,1,1152,2.0,69,4,0.0,2,4.204692619390966,12.493133274926212
2.8461538461538463,6.983789965258135,1,1078,2.0,60,14,0.0,0,4.23410650459726,11.864469267087891
2.8461538461538463,7.136483208590247,1,1256,2.5,43,43,0.0,0,4.330733340286331,11.901590234400047
